{"type":"FeatureCollection","name":"Ports Ferry operational river basins","bbox":[-82.8061,32.6345,-77.4633,36.6739],"metadata":{"source_dataset":"USGS Watershed Boundary Dataset (WBD)","source_layer":"8-digit HU (Subbasin)","source_service":"https://hydro.nationalmap.gov/arcgis/rest/services/wbd/MapServer","source_refreshed":"July, 2026","generated_utc":"2026-09-12T23:51:16.600Z","generator":"scripts/build-river-basins.mjs + mapshaper 0.7.61","selection_method":"Selected WBD HUC-8 units are dissolved into four research-defined operational basins; point assignments are computed from these polygons.","historical_limit":"These are modern hydrologic boundaries. Santee and Cooper geometry reflects the twentieth-century Santee–Cooper diversion and impoundments and must be interpreted alongside historical cartography."},"features":[{"type":"Feature","geometry":{"type":"Polygon","coordinates":[[[-78.7327,35.5285],[-78.7372,35.5318],[-78.7394,35.5313],[-78.7408,35.5357],[-78.7458,35.5379],[-78.7497,35.5438],[-78.7539,35.5454],[-78.7573,35.5448],[-78.7572,35.5491],[-78.7551,35.5512],[-78.7558,35.553],[-78.7542,35.5589],[-78.7569,35.5611],[-78.7618,35.5635],[-78.7637,35.5625],[-78.7658,35.5636],[-78.7698,35.5709],[-78.7701,35.5735],[-78.7732,35.5819],[-78.7725,35.5881],[-78.7744,35.5912],[-78.7803,35.5918],[-78.7829,35.5914],[-78.793,35.5924],[-78.7979,35.595],[-78.7993,35.5978],[-78.8033,35.6015],[-78.8055,35.6013],[-78.8106,35.5989],[-78.8121,35.5988],[-78.8151,35.5969],[-78.8194,35.5959],[-78.8237,35.5965],[-78.8249,35.5976],[-78.8286,35.598],[-78.8303,35.5988],[-78.8353,35.5966],[-78.8385,35.5999],[-78.8396,35.602],[-78.8421,35.6039],[-78.8434,35.609],[-78.8437,35.6121],[-78.8421,35.6152],[-78.8401,35.6176],[-78.8434,35.6199],[-78.841,35.6223],[-78.8419,35.6239],[-78.8458,35.6253],[-78.8521,35.6288],[-78.8509,35.6342],[-78.8484,35.6339],[-78.8462,35.6363],[-78.8482,35.639],[-78.8482,35.642],[-78.8452,35.6413],[-78.8398,35.6419],[-78.8368,35.644],[-78.8337,35.6448],[-78.8329,35.6461],[-78.8323,35.6522],[-78.8354,35.6552],[-78.8386,35.6563],[-78.8403,35.6543],[-78.8424,35.654],[-78.8464,35.6555],[-78.8466,35.6566],[-78.8427,35.6587],[-78.8373,35.6601],[-78.8357,35.6634],[-78.835,35.6668],[-78.8307,35.6701],[-78.8298,35.673],[-78.8315,35.6747],[-78.8321,35.678],[-78.831,35.6787],[-78.8318,35.6809],[-78.8355,35.6827],[-78.8351,35.686],[-78.8358,35.6877],[-78.8343,35.692],[-78.8313,35.6925],[-78.8334,35.6967],[-78.8332,35.6986],[-78.8344,35.6999],[-78.8334,35.7017],[-78.8348,35.7079],[-78.837,35.7106],[-78.8392,35.712],[-78.8413,35.7159],[-78.8494,35.7174],[-78.8517,35.7242],[-78.8529,35.7256],[-78.8524,35.7287],[-78.8503,35.7318],[-78.8487,35.7374],[-78.8487,35.7402],[-78.8516,35.7459],[-78.8526,35.7514],[-78.8503,35.7537],[-78.8479,35.7534],[-78.8461,35.7552],[-78.8456,35.7587],[-78.8433,35.7642],[-78.8412,35.7662],[-78.8473,35.774],[-78.8475,35.7771],[-78.8494,35.779],[-78.849,35.7819],[-78.8528,35.7835],[-78.8565,35.784],[-78.857,35.7853],[-78.8601,35.7881],[-78.8568,35.7902],[-78.8569,35.7918],[-78.8593,35.7937],[-78.863,35.794],[-78.868,35.8001],[-78.8701,35.7998],[-78.8709,35.8026],[-78.8703,35.8084],[-78.8706,35.8107],[-78.8698,35.8121],[-78.8706,35.8145],[-78.872,35.8151],[-78.8727,35.8181],[-78.8699,35.8211],[-78.8693,35.8234],[-78.8631,35.8254],[-78.8631,35.8292],[-78.8614,35.8311],[-78.8623,35.8333],[-78.859,35.8335],[-78.8559,35.8351],[-78.8515,35.8361],[-78.8488,35.841],[-78.8462,35.8407],[-78.8433,35.8413],[-78.8424,35.8429],[-78.8424,35.8456],[-78.841,35.847],[-78.8437,35.8505],[-78.8434,35.8565],[-78.8448,35.8612],[-78.8458,35.8624],[-78.8486,35.8629],[-78.8489,35.8673],[-78.8543,35.8687],[-78.8565,35.877],[-78.855,35.8789],[-78.8504,35.882],[-78.8489,35.8847],[-78.8511,35.8872],[-78.8499,35.8883],[-78.8486,35.8933],[-78.8531,35.9025],[-78.8516,35.9046],[-78.8533,35.9055],[-78.8511,35.9082],[-78.852,35.9092],[-78.8517,35.9129],[-78.8537,35.9144],[-78.8536,35.9183],[-78.8525,35.9193],[-78.8525,35.9228],[-78.8536,35.9279],[-78.8527,35.9289],[-78.8522,35.9319],[-78.8497,35.9318],[-78.8475,35.9331],[-78.8441,35.9361],[-78.8414,35.9394],[-78.842,35.9424],[-78.8379,35.9424],[-78.8372,35.9459],[-78.8377,35.9499],[-78.8403,35.9496],[-78.8416,35.9504],[-78.8447,35.9481],[-78.8488,35.9491],[-78.8518,35.9506],[-78.8536,35.9529],[-78.8531,35.9558],[-78.8562,35.9611],[-78.8552,35.9633],[-78.8576,35.9634],[-78.8601,35.967],[-78.862,35.9683],[-78.8654,35.9684],[-78.8673,35.9694],[-78.8659,35.9733],[-78.8682,35.9746],[-78.8682,35.9761],[-78.8703,35.978],[-78.8739,35.9774],[-78.8765,35.9781],[-78.8781,35.9803],[-78.8801,35.9804],[-78.8818,35.9819],[-78.8879,35.9825],[-78.893,35.9857],[-78.8937,35.9868],[-78.8957,35.9929],[-78.9004,35.9959],[-78.9027,35.9962],[-78.9046,35.9978],[-78.909,35.9972],[-78.9151,35.997],[-78.9161,35.9996],[-78.9138,36.0015],[-78.9146,36.0048],[-78.9181,36.0059],[-78.9195,36.0047],[-78.9236,36.0071],[-78.9263,36.0062],[-78.9313,36.0093],[-78.9329,36.011],[-78.9346,36.0145],[-78.9378,36.0159],[-78.9404,36.0163],[-78.942,36.0179],[-78.9477,36.0195],[-78.9496,36.0184],[-78.9521,36.0183],[-78.9534,36.0204],[-78.9566,36.0229],[-78.9578,36.0249],[-78.9629,36.027],[-78.9663,36.0272],[-78.9693,36.0253],[-78.9724,36.025],[-78.9801,36.0219],[-78.9822,36.0199],[-78.9884,36.0181],[-78.998,36.0207],[-78.9986,36.0224],[-79.0047,36.0236],[-79.0064,36.0247],[-79.0083,36.0231],[-79.0166,36.0221],[-79.0189,36.0191],[-79.0249,36.0179],[-79.0262,36.0152],[-79.0293,36.0146],[-79.0307,36.0152],[-79.0343,36.0134],[-79.0358,36.0153],[-79.0415,36.0155],[-79.047,36.0149],[-79.0497,36.0154],[-79.0505,36.0178],[-79.0532,36.0173],[-79.058,36.0148],[-79.0588,36.0118],[-79.0607,36.0116],[-79.0632,36.014],[-79.0658,36.0139],[-79.0701,36.0126],[-79.072,36.0128],[-79.0743,36.0107],[-79.0777,36.0097],[-79.079,36.0107],[-79.0776,36.015],[-79.0758,36.0158],[-79.0753,36.0188],[-79.0767,36.0222],[-79.0762,36.0241],[-79.0781,36.0262],[-79.0809,36.0276],[-79.0841,36.0269],[-79.085,36.029],[-79.0901,36.03],[-79.0911,36.0284],[-79.0958,36.0256],[-79.0986,36.0289],[-79.1014,36.029],[-79.1041,36.0276],[-79.1044,36.0264],[-79.1081,36.0254],[-79.1081,36.0226],[-79.1105,36.0215],[-79.1115,36.0185],[-79.1154,36.0172],[-79.1255,36.0168],[-79.1278,36.0182],[-79.1316,36.0161],[-79.1342,36.0178],[-79.1375,36.0185],[-79.1361,36.0201],[-79.1364,36.0217],[-79.1402,36.0241],[-79.1475,36.0245],[-79.1494,36.0259],[-79.152,36.0243],[-79.1586,36.0256],[-79.1618,36.0251],[-79.1618,36.029],[-79.1627,36.0307],[-79.1651,36.0323],[-79.1659,36.0356],[-79.1685,36.0359],[-79.1704,36.0372],[-79.1752,36.0341],[-79.1779,36.0349],[-79.1869,36.0332],[-79.1895,36.0341],[-79.1916,36.0318],[-79.1933,36.0311],[-79.1936,36.0273],[-79.197,36.028],[-79.2,36.0271],[-79.2011,36.029],[-79.2038,36.0297],[-79.2059,36.0325],[-79.2079,36.0391],[-79.2115,36.0416],[-79.214,36.042],[-79.2165,36.0414],[-79.2199,36.0449],[-79.2218,36.0477],[-79.2192,36.0507],[-79.2214,36.0534],[-79.2222,36.0572],[-79.2217,36.0603],[-79.2229,36.0631],[-79.2268,36.0651],[-79.2265,36.068],[-79.2275,36.0699],[-79.2238,36.0727],[-79.2246,36.0742],[-79.2246,36.0767],[-79.2226,36.0787],[-79.2234,36.0843],[-79.2218,36.0846],[-79.219,36.0883],[-79.2152,36.0894],[-79.2129,36.0915],[-79.2152,36.0944],[-79.2152,36.0997],[-79.2168,36.1016],[-79.2164,36.1064],[-79.2094,36.1081],[-79.2053,36.1095],[-79.2016,36.112],[-79.2012,36.1154],[-79.2042,36.1183],[-79.2032,36.1197],[-79.2069,36.1234],[-79.2067,36.1274],[-79.2072,36.1296],[-79.2089,36.1317],[-79.2104,36.1347],[-79.2114,36.14],[-79.2098,36.1415],[-79.2057,36.1422],[-79.202,36.1486],[-79.2027,36.1502],[-79.1998,36.1526],[-79.1991,36.1543],[-79.2016,36.1582],[-79.2016,36.1599],[-79.2035,36.1624],[-79.2039,36.1646],[-79.2068,36.1649],[-79.2084,36.1667],[-79.2072,36.1725],[-79.2042,36.174],[-79.2045,36.1783],[-79.202,36.18],[-79.2043,36.1828],[-79.2033,36.1851],[-79.2039,36.1867],[-79.2026,36.1907],[-79.2049,36.1937],[-79.2041,36.1972],[-79.2015,36.2013],[-79.2028,36.2072],[-79.2039,36.2107],[-79.2058,36.2121],[-79.2064,36.2168],[-79.2046,36.2187],[-79.2082,36.2197],[-79.2117,36.2185],[-79.2151,36.2183],[-79.2157,36.2196],[-79.2215,36.2222],[-79.2244,36.2228],[-79.2276,36.2226],[-79.2295,36.2237],[-79.2326,36.2232],[-79.2341,36.2245],[-79.2352,36.2277],[-79.2353,36.2308],[-79.2378,36.2323],[-79.2401,36.2347],[-79.2409,36.2382],[-79.2438,36.2382],[-79.2456,36.2357],[-79.2502,36.237],[-79.2537,36.2357],[-79.2554,36.2366],[-79.2576,36.2392],[-79.2575,36.2419],[-79.2596,36.2419],[-79.2611,36.2402],[-79.2653,36.2374],[-79.2676,36.2403],[-79.2695,36.2412],[-79.2737,36.2391],[-79.2743,36.2383],[-79.2779,36.2387],[-79.2822,36.2363],[-79.2829,36.2384],[-79.2854,36.2397],[-79.2875,36.2421],[-79.287,36.2479],[-79.2882,36.2511],[-79.2918,36.2506],[-79.2939,36.251],[-79.2964,36.2528],[-79.2979,36.2561],[-79.2978,36.2585],[-79.299,36.2617],[-79.3004,36.2624],[-79.3021,36.2651],[-79.3033,36.2687],[-79.3062,36.2689],[-79.3116,36.2713],[-79.3137,36.2715],[-79.3148,36.2703],[-79.3178,36.2695],[-79.3244,36.2697],[-79.3304,36.2673],[-79.3388,36.265],[-79.3437,36.2666],[-79.3461,36.2667],[-79.3471,36.2691],[-79.3479,36.273],[-79.3471,36.2755],[-79.3502,36.277],[-79.3489,36.2807],[-79.3514,36.2817],[-79.3547,36.2819],[-79.3566,36.2805],[-79.3633,36.2813],[-79.3662,36.2828],[-79.3674,36.2843],[-79.3664,36.2875],[-79.3684,36.291],[-79.3683,36.2929],[-79.3705,36.2955],[-79.3753,36.2919],[-79.3771,36.296],[-79.3827,36.2958],[-79.3833,36.2987],[-79.3861,36.3024],[-79.3942,36.3062],[-79.3935,36.3103],[-79.3956,36.3145],[-79.3957,36.3171],[-79.3976,36.3174],[-79.3985,36.3198],[-79.401,36.3201],[-79.4042,36.3189],[-79.4054,36.317],[-79.4051,36.315],[-79.4096,36.3144],[-79.411,36.3166],[-79.4128,36.3175],[-79.4148,36.3157],[-79.4171,36.3148],[-79.4218,36.3152],[-79.4226,36.3164],[-79.4264,36.3149],[-79.4306,36.3149],[-79.4329,36.3162],[-79.4378,36.3161],[-79.4402,36.3128],[-79.442,36.3073],[-79.4443,36.3047],[-79.4463,36.3046],[-79.4518,36.3084],[-79.4526,36.3103],[-79.4554,36.3093],[-79.457,36.3071],[-79.4605,36.3081],[-79.4652,36.3079],[-79.467,36.307],[-79.4673,36.3039],[-79.4694,36.3024],[-79.4728,36.3036],[-79.4735,36.302],[-79.472,36.301],[-79.475,36.297],[-79.4805,36.2956],[-79.4851,36.297],[-79.4864,36.2962],[-79.4917,36.2971],[-79.4925,36.296],[-79.4979,36.2957],[-79.4992,36.293],[-79.5016,36.2926],[-79.5042,36.2909],[-79.5092,36.2899],[-79.5091,36.2881],[-79.511,36.2855],[-79.5116,36.2832],[-79.5172,36.2836],[-79.5211,36.2793],[-79.5255,36.2793],[-79.5274,36.2813],[-79.5346,36.2783],[-79.5417,36.2843],[-79.5496,36.2852],[-79.5517,36.2871],[-79.5524,36.2899],[-79.5519,36.2916],[-79.554,36.2924],[-79.5564,36.2977],[-79.5601,36.2971],[-79.5618,36.2984],[-79.5655,36.2983],[-79.5669,36.297],[-79.5706,36.2957],[-79.5727,36.2926],[-79.5758,36.2905],[-79.5779,36.2912],[-79.5796,36.2881],[-79.5842,36.2872],[-79.585,36.2898],[-79.5899,36.2898],[-79.5911,36.2866],[-79.5975,36.283],[-79.599,36.284],[-79.6005,36.2881],[-79.6049,36.2883],[-79.6091,36.2894],[-79.6113,36.2911],[-79.6149,36.2919],[-79.6197,36.2993],[-79.6202,36.3017],[-79.6226,36.3063],[-79.6259,36.3075],[-79.6275,36.3088],[-79.6305,36.3137],[-79.63,36.3164],[-79.6282,36.3169],[-79.6262,36.3202],[-79.6298,36.3246],[-79.63,36.3281],[-79.6318,36.3285],[-79.6356,36.3271],[-79.6392,36.3287],[-79.6418,36.3263],[-79.6485,36.3305],[-79.6517,36.3329],[-79.6529,36.3354],[-79.6525,36.3377],[-79.6557,36.3473],[-79.6561,36.3522],[-79.6583,36.354],[-79.6588,36.3571],[-79.6627,36.3588],[-79.6659,36.3589],[-79.6685,36.3579],[-79.671,36.3586],[-79.6767,36.3585],[-79.6783,36.3543],[-79.6823,36.3523],[-79.6861,36.3538],[-79.6953,36.3517],[-79.6972,36.3499],[-79.7008,36.3478],[-79.7062,36.3506],[-79.7091,36.3501],[-79.7128,36.3529],[-79.7135,36.3556],[-79.7149,36.3565],[-79.7163,36.3601],[-79.7173,36.3653],[-79.7188,36.3674],[-79.7276,36.3715],[-79.7295,36.3719],[-79.7356,36.3688],[-79.735,36.3651],[-79.7377,36.3605],[-79.7393,36.3568],[-79.7424,36.356],[-79.7454,36.3543],[-79.7507,36.3541],[-79.7612,36.3491],[-79.7675,36.3423],[-79.7718,36.3415],[-79.7715,36.3358],[-79.7693,36.3313],[-79.7688,36.329],[-79.7726,36.3278],[-79.7758,36.3286],[-79.7799,36.3261],[-79.7828,36.3267],[-79.7836,36.3248],[-79.7807,36.3212],[-79.7815,36.32],[-79.7853,36.3206],[-79.7882,36.3183],[-79.7923,36.3173],[-79.7954,36.3184],[-79.7987,36.3163],[-79.8006,36.3162],[-79.8047,36.3183],[-79.8073,36.319],[-79.8091,36.3219],[-79.811,36.3224],[-79.8171,36.323],[-79.8199,36.3242],[-79.8226,36.3243],[-79.8239,36.3229],[-79.8263,36.3182],[-79.8283,36.3172],[-79.8293,36.3152],[-79.8391,36.3143],[-79.847,36.3146],[-79.8496,36.313],[-79.852,36.3101],[-79.855,36.309],[-79.8592,36.3083],[-79.8588,36.303],[-79.8625,36.3012],[-79.8652,36.2989],[-79.8657,36.2961],[-79.8677,36.2942],[-79.8672,36.2915],[-79.8715,36.2896],[-79.8748,36.2888],[-79.8832,36.283],[-79.8906,36.2829],[-79.8944,36.2821],[-79.8972,36.2821],[-79.9015,36.2801],[-79.9066,36.2798],[-79.91,36.2723],[-79.9121,36.2725],[-79.914,36.2744],[-79.9179,36.2724],[-79.921,36.2718],[-79.9222,36.2688],[-79.9243,36.2677],[-79.9291,36.2674],[-79.9307,36.269],[-79.9321,36.268],[-79.9359,36.2684],[-79.9379,36.2704],[-79.9427,36.2722],[-79.9438,36.2713],[-79.9442,36.2664],[-79.9436,36.2647],[-79.9434,36.2603],[-79.9447,36.2591],[-79.9478,36.2597],[-79.9493,36.2608],[-79.9516,36.2582],[-79.9552,36.2558],[-79.9587,36.256],[-79.9625,36.2573],[-79.9645,36.2545],[-79.9656,36.2516],[-79.9703,36.251],[-79.9748,36.2511],[-79.9782,36.2508],[-79.9829,36.2514],[-79.9886,36.251],[-79.9961,36.2471],[-79.9854,36.2434],[-79.9837,36.2386],[-79.981,36.2387],[-79.9793,36.2372],[-79.9815,36.2355],[-79.9822,36.2338],[-79.9845,36.2326],[-79.99,36.2277],[-79.9898,36.2238],[-79.9919,36.2223],[-79.9916,36.2191],[-79.9923,36.2168],[-79.9915,36.2126],[-79.9947,36.212],[-79.9986,36.21],[-80.0005,36.2097],[-80.0023,36.2075],[-80.005,36.2059],[-80.0045,36.2043],[-80.0059,36.2022],[-80.0069,36.1988],[-80.0151,36.195],[-80.0172,36.1909],[-80.0196,36.191],[-80.0247,36.1888],[-80.0271,36.1871],[-80.028,36.1839],[-80.0308,36.1823],[-80.0335,36.1829],[-80.0351,36.1807],[-80.0407,36.1785],[-80.0422,36.1762],[-80.0446,36.176],[-80.0468,36.1746],[-80.047,36.173],[-80.0463,36.1669],[-80.0484,36.1569],[-80.0473,36.1547],[-80.0473,36.151],[-80.0448,36.1452],[-80.0486,36.1416],[-80.0503,36.1416],[-80.0518,36.1364],[-80.0511,36.1348],[-80.0534,36.1315],[-80.0558,36.131],[-80.06,36.1291],[-80.0659,36.1272],[-80.0675,36.126],[-80.0733,36.1254],[-80.0682,36.119],[-80.066,36.1172],[-80.0654,36.1147],[-80.0635,36.1112],[-80.0637,36.1061],[-80.0613,36.1054],[-80.0609,36.1032],[-80.0595,36.1008],[-80.0606,36.1002],[-80.0611,36.0963],[-80.0622,36.0937],[-80.0612,36.0919],[-80.0627,36.0904],[-80.0617,36.0885],[-80.0644,36.0851],[-80.0631,36.0827],[-80.0652,36.0807],[-80.0627,36.0782],[-80.0624,36.0764],[-80.0591,36.075],[-80.0587,36.0737],[-80.0592,36.0693],[-80.0631,36.0654],[-80.0638,36.0634],[-80.0668,36.0606],[-80.067,36.058],[-80.0651,36.0554],[-80.0671,36.0528],[-80.0671,36.0513],[-80.0636,36.0487],[-80.0609,36.048],[-80.0606,36.0457],[-80.0585,36.0447],[-80.055,36.0446],[-80.0527,36.043],[-80.0496,36.0419],[-80.0486,36.0405],[-80.049,36.0373],[-80.0447,36.0367],[-80.0427,36.0347],[-80.0417,36.0314],[-80.0395,36.03],[-80.0395,36.0287],[-80.0412,36.0266],[-80.0401,36.0241],[-80.0397,36.0198],[-80.0423,36.0188],[-80.0439,36.0156],[-80.0434,36.0132],[-80.0409,36.0108],[-80.0391,36.0057],[-80.0378,36.0037],[-80.036,36.0029],[-80.0359,36.0002],[-80.0334,35.9986],[-80.0316,35.9996],[-80.0279,35.9976],[-80.026,35.9949],[-80.0258,35.9927],[-80.0236,35.9922],[-80.0257,35.9894],[-80.0245,35.9877],[-80.026,35.9843],[-80.0251,35.9835],[-80.0246,35.9796],[-80.0174,35.9747],[-80.0146,35.9699],[-80.0107,35.9669],[-80.0091,35.9642],[-80.0068,35.9578],[-80.0118,35.9547],[-80.0129,35.9549],[-80.015,35.9526],[-80.0154,35.9507],[-80.022,35.942],[-80.0247,35.9394],[-80.0247,35.938],[-80.0229,35.9367],[-80.0229,35.9294],[-80.0213,35.9275],[-80.0162,35.9255],[-80.0144,35.9238],[-80.0115,35.9239],[-80.0064,35.9231],[-79.9999,35.9196],[-79.9989,35.9162],[-79.9979,35.909],[-79.9952,35.9097],[-79.9931,35.9073],[-79.99,35.9063],[-79.9879,35.9029],[-79.9838,35.9013],[-79.9825,35.8972],[-79.9788,35.8958],[-79.9756,35.893],[-79.9702,35.8913],[-79.9702,35.8886],[-79.9658,35.8869],[-79.9631,35.8871],[-79.9572,35.8855],[-79.956,35.886],[-79.9536,35.8845],[-79.9537,35.8826],[-79.9472,35.8829],[-79.9446,35.8822],[-79.9421,35.8834],[-79.9349,35.8832],[-79.9311,35.8819],[-79.9267,35.8827],[-79.9255,35.8845],[-79.923,35.8836],[-79.9215,35.882],[-79.9191,35.8814],[-79.9184,35.8792],[-79.915,35.8747],[-79.9109,35.8726],[-79.908,35.8736],[-79.9057,35.8709],[-79.9042,35.8668],[-79.9063,35.8648],[-79.9081,35.8615],[-79.9056,35.8564],[-79.9053,35.8545],[-79.9033,35.8539],[-79.8986,35.85],[-79.8975,35.8441],[-79.8947,35.8402],[-79.889,35.8395],[-79.8873,35.8384],[-79.8843,35.8384],[-79.8832,35.8368],[-79.8806,35.8389],[-79.8785,35.8382],[-79.875,35.8382],[-79.8724,35.8364],[-79.8671,35.835],[-79.8655,35.8332],[-79.8651,35.8271],[-79.8641,35.8256],[-79.8586,35.8215],[-79.8535,35.8203],[-79.8476,35.8196],[-79.8457,35.8174],[-79.8419,35.815],[-79.8405,35.8134],[-79.8346,35.8131],[-79.834,35.8106],[-79.8321,35.8075],[-79.8297,35.8069],[-79.829,35.804],[-79.8277,35.8029],[-79.8209,35.8031],[-79.82,35.8019],[-79.8168,35.8009],[-79.813,35.7977],[-79.812,35.7944],[-79.8131,35.7928],[-79.8164,35.7905],[-79.8162,35.7874],[-79.8151,35.7864],[-79.8159,35.7821],[-79.8176,35.781],[-79.8172,35.7775],[-79.8185,35.776],[-79.8201,35.7687],[-79.819,35.7674],[-79.8191,35.763],[-79.8182,35.7604],[-79.8151,35.7547],[-79.8177,35.7523],[-79.8169,35.7489],[-79.8172,35.7467],[-79.8196,35.7467],[-79.8223,35.7444],[-79.8207,35.7435],[-79.8222,35.7402],[-79.8225,35.7367],[-79.8245,35.7358],[-79.8272,35.7357],[-79.828,35.7327],[-79.8292,35.7316],[-79.8292,35.7264],[-79.8301,35.7232],[-79.8293,35.7195],[-79.8279,35.7192],[-79.8274,35.7126],[-79.8276,35.7112],[-79.8267,35.7075],[-79.8238,35.7069],[-79.8226,35.7058],[-79.8195,35.7053],[-79.8181,35.7041],[-79.8158,35.7061],[-79.8141,35.7043],[-79.8148,35.6974],[-79.814,35.6942],[-79.8124,35.6925],[-79.8119,35.6898],[-79.8129,35.6841],[-79.8154,35.6821],[-79.8155,35.68],[-79.8179,35.6796],[-79.8184,35.6772],[-79.8205,35.6758],[-79.8191,35.6732],[-79.821,35.6697],[-79.8237,35.6696],[-79.8251,35.6673],[-79.8267,35.6607],[-79.8243,35.6597],[-79.8246,35.6583],[-79.8217,35.6531],[-79.8206,35.6521],[-79.8214,35.6491],[-79.8226,35.6488],[-79.8257,35.6458],[-79.8241,35.643],[-79.8251,35.6397],[-79.827,35.6381],[-79.8274,35.6348],[-79.825,35.6331],[-79.8221,35.6331],[-79.8237,35.631],[-79.8244,35.6273],[-79.8258,35.6258],[-79.8243,35.624],[-79.8241,35.6213],[-79.8248,35.6187],[-79.8225,35.6149],[-79.8208,35.6155],[-79.8176,35.6149],[-79.8158,35.6166],[-79.8136,35.6168],[-79.8103,35.6157],[-79.809,35.6135],[-79.8057,35.613],[-79.8078,35.6078],[-79.8069,35.6048],[-79.8045,35.6037],[-79.8048,35.6014],[-79.8022,35.5994],[-79.8001,35.5989],[-79.8029,35.5956],[-79.8026,35.5944],[-79.7972,35.5915],[-79.796,35.5902],[-79.791,35.5906],[-79.7873,35.5883],[-79.7843,35.5875],[-79.7848,35.5859],[-79.7821,35.5841],[-79.7819,35.5811],[-79.7808,35.5778],[-79.7767,35.5783],[-79.7741,35.5766],[-79.7771,35.574],[-79.7779,35.5724],[-79.7755,35.5685],[-79.7761,35.5662],[-79.7748,35.5645],[-79.7782,35.5591],[-79.7773,35.5575],[-79.7789,35.5521],[-79.7804,35.5501],[-79.7811,35.5462],[-79.7812,35.5414],[-79.7768,35.5409],[-79.7743,35.5396],[-79.7748,35.5372],[-79.7777,35.5342],[-79.7767,35.5303],[-79.7703,35.5277],[-79.775,35.5214],[-79.7781,35.5184],[-79.7763,35.5175],[-79.7767,35.5161],[-79.7764,35.5124],[-79.7771,35.5103],[-79.7765,35.5075],[-79.779,35.5061],[-79.7767,35.5011],[-79.7776,35.4987],[-79.7765,35.4967],[-79.7744,35.4956],[-79.7721,35.4928],[-79.7774,35.49],[-79.7791,35.4876],[-79.7815,35.4855],[-79.7785,35.4841],[-79.7777,35.4819],[-79.7781,35.4773],[-79.7793,35.4728],[-79.7765,35.4696],[-79.7756,35.4669],[-79.7773,35.4655],[-79.7781,35.4618],[-79.7797,35.4619],[-79.7828,35.4582],[-79.787,35.4579],[-79.7911,35.4536],[-79.7898,35.4457],[-79.7881,35.4431],[-79.7846,35.4413],[-79.7851,35.44],[-79.783,35.4373],[-79.7833,35.434],[-79.7814,35.431],[-79.7838,35.4288],[-79.7844,35.427],[-79.7877,35.4259],[-79.7873,35.4213],[-79.7877,35.4198],[-79.7863,35.4168],[-79.7847,35.4167],[-79.7845,35.4128],[-79.7849,35.4093],[-79.7844,35.4079],[-79.786,35.4046],[-79.7838,35.4005],[-79.784,35.3979],[-79.7854,35.3954],[-79.7853,35.3927],[-79.7879,35.3902],[-79.7878,35.3881],[-79.7842,35.386],[-79.7779,35.3805],[-79.7763,35.3769],[-79.7774,35.3723],[-79.7798,35.3714],[-79.781,35.3677],[-79.7806,35.3652],[-79.782,35.3631],[-79.7814,35.3613],[-79.7797,35.3598],[-79.7802,35.3559],[-79.7825,35.3514],[-79.7815,35.3485],[-79.78,35.3467],[-79.7787,35.3417],[-79.7755,35.3398],[-79.772,35.3385],[-79.7697,35.3385],[-79.7693,35.3357],[-79.7678,35.3344],[-79.7689,35.3325],[-79.767,35.3297],[-79.7645,35.3297],[-79.7622,35.3226],[-79.763,35.3197],[-79.7622,35.3167],[-79.7627,35.3154],[-79.7612,35.3135],[-79.7611,35.3099],[-79.7569,35.3094],[-79.7551,35.3075],[-79.7525,35.301],[-79.7515,35.2975],[-79.7472,35.2965],[-79.7459,35.2929],[-79.744,35.2914],[-79.7413,35.2908],[-79.7363,35.2917],[-79.7224,35.2988],[-79.716,35.2992],[-79.7124,35.3022],[-79.7106,35.3029],[-79.7099,35.3054],[-79.7079,35.3055],[-79.7069,35.3027],[-79.6981,35.2999],[-79.6977,35.2976],[-79.6913,35.2968],[-79.6847,35.2994],[-79.6789,35.3029],[-79.6766,35.3038],[-79.6707,35.3013],[-79.6664,35.3009],[-79.663,35.2986],[-79.6579,35.2933],[-79.6563,35.291],[-79.6515,35.289],[-79.6429,35.2895],[-79.6387,35.2902],[-79.6365,35.2892],[-79.6312,35.2886],[-79.6329,35.2864],[-79.6305,35.2807],[-79.6273,35.2806],[-79.6203,35.2819],[-79.6146,35.2782],[-79.6112,35.2774],[-79.6045,35.2724],[-79.6034,35.2707],[-79.6031,35.2659],[-79.5983,35.2685],[-79.5915,35.2675],[-79.5888,35.2667],[-79.5852,35.2631],[-79.5831,35.2599],[-79.5764,35.2559],[-79.5755,35.2533],[-79.5759,35.2501],[-79.5736,35.2483],[-79.5707,35.2449],[-79.5699,35.2429],[-79.5709,35.2399],[-79.5688,35.2361],[-79.572,35.2323],[-79.5696,35.2305],[-79.5666,35.2306],[-79.5624,35.2278],[-79.5563,35.2265],[-79.5503,35.2258],[-79.5451,35.2263],[-79.5419,35.2272],[-79.5335,35.2253],[-79.5291,35.2236],[-79.527,35.2209],[-79.5272,35.2184],[-79.523,35.2157],[-79.5184,35.2117],[-79.5145,35.2057],[-79.5116,35.2041],[-79.5073,35.2038],[-79.5037,35.2024],[-79.5037,35.1998],[-79.5054,35.1981],[-79.505,35.195],[-79.5009,35.1911],[-79.4969,35.1918],[-79.4922,35.194],[-79.4858,35.1921],[-79.4832,35.1927],[-79.4813,35.1941],[-79.4788,35.1928],[-79.4767,35.1938],[-79.476,35.1971],[-79.4735,35.1954],[-79.4683,35.195],[-79.4653,35.197],[-79.4636,35.1993],[-79.4588,35.2027],[-79.4518,35.2044],[-79.4485,35.2042],[-79.4443,35.2052],[-79.4409,35.2044],[-79.4353,35.2044],[-79.4331,35.2081],[-79.4302,35.2082],[-79.4266,35.2067],[-79.4263,35.202],[-79.4246,35.2005],[-79.4234,35.1974],[-79.4193,35.1978],[-79.4176,35.2006],[-79.4145,35.1993],[-79.4104,35.1995],[-79.4081,35.1976],[-79.4058,35.1978],[-79.4034,35.1951],[-79.4048,35.1919],[-79.4031,35.187],[-79.4018,35.1849],[-79.4032,35.1819],[-79.4067,35.1797],[-79.4105,35.1707],[-79.4076,35.1688],[-79.4045,35.1693],[-79.4018,35.1704],[-79.3957,35.1685],[-79.3864,35.1685],[-79.3831,35.1682],[-79.3826,35.1662],[-79.3837,35.1652],[-79.3835,35.1619],[-79.3867,35.1578],[-79.385,35.1538],[-79.3844,35.1498],[-79.3827,35.1463],[-79.3814,35.1453],[-79.3833,35.1428],[-79.3867,35.1417],[-79.3898,35.1393],[-79.3916,35.1355],[-79.3952,35.1357],[-79.3959,35.1348],[-79.3942,35.1317],[-79.3919,35.1303],[-79.3889,35.13],[-79.3853,35.1279],[-79.3845,35.125],[-79.3824,35.1238],[-79.3777,35.119],[-79.3773,35.1176],[-79.375,35.116],[-79.3726,35.1158],[-79.3719,35.1143],[-79.3734,35.1121],[-79.3695,35.1091],[-79.368,35.1063],[-79.3636,35.1035],[-79.3645,35.1007],[-79.3609,35.0958],[-79.3609,35.0947],[-79.3635,35.0926],[-79.3627,35.0906],[-79.3586,35.0874],[-79.3562,35.0838],[-79.3554,35.0778],[-79.3532,35.0781],[-79.3526,35.0745],[-79.3493,35.072],[-79.3498,35.0703],[-79.3518,35.0697],[-79.3516,35.0659],[-79.3475,35.0623],[-79.3455,35.0591],[-79.3431,35.0577],[-79.3399,35.0535],[-79.3392,35.0489],[-79.336,35.0476],[-79.3312,35.0482],[-79.3324,35.0443],[-79.3313,35.0421],[-79.3324,35.0378],[-79.3307,35.0375],[-79.3271,35.0344],[-79.3248,35.0334],[-79.3224,35.0339],[-79.3165,35.0322],[-79.3148,35.0303],[-79.3122,35.0295],[-79.3105,35.0241],[-79.3116,35.0174],[-79.3134,35.0163],[-79.3176,35.0164],[-79.3202,35.0143],[-79.3238,35.0131],[-79.3233,35.0119],[-79.3208,35.0105],[-79.315,35.0093],[-79.3105,35.0077],[-79.3052,35.0072],[-79.3005,35.0053],[-79.296,35.0045],[-79.2927,35.005],[-79.2886,35.0042],[-79.2837,35.0037],[-79.2784,35.002],[-79.2765,35.0002],[-79.2758,34.998],[-79.274,34.9969],[-79.273,34.9949],[-79.2662,34.9921],[-79.2646,34.9904],[-79.2615,34.9892],[-79.256,34.9888],[-79.2498,34.991],[-79.2476,34.9885],[-79.2412,34.9893],[-79.2381,34.9857],[-79.2364,34.9802],[-79.2363,34.9781],[-79.2317,34.9754],[-79.2338,34.9732],[-79.2328,34.971],[-79.2292,34.9691],[-79.2288,34.9664],[-79.2256,34.9626],[-79.225,34.9611],[-79.2207,34.9601],[-79.2214,34.9634],[-79.219,34.964],[-79.2143,34.9627],[-79.2111,34.9594],[-79.2064,34.9572],[-79.2021,34.9578],[-79.1977,34.9574],[-79.1923,34.9555],[-79.1914,34.9587],[-79.1867,34.9604],[-79.1847,34.96],[-79.1797,34.9628],[-79.1782,34.9651],[-79.1746,34.9644],[-79.1719,34.963],[-79.1685,34.9603],[-79.1672,34.9584],[-79.1602,34.9585],[-79.1578,34.9574],[-79.1553,34.953],[-79.1522,34.9513],[-79.149,34.9508],[-79.1454,34.9511],[-79.143,34.9527],[-79.1387,34.9544],[-79.1358,34.9549],[-79.1342,34.9578],[-79.1318,34.9579],[-79.1288,34.9569],[-79.1256,34.9548],[-79.1237,34.9519],[-79.1217,34.952],[-79.1193,34.949],[-79.1201,34.9474],[-79.1191,34.9457],[-79.1165,34.9443],[-79.1157,34.9418],[-79.1126,34.9437],[-79.1095,34.9434],[-79.1086,34.9396],[-79.105,34.9349],[-79.1015,34.9332],[-79.0981,34.9328],[-79.0987,34.9291],[-79.1001,34.9274],[-79.0965,34.9235],[-79.0902,34.921],[-79.0862,34.9208],[-79.084,34.9198],[-79.0801,34.9208],[-79.0769,34.9207],[-79.0681,34.917],[-79.0629,34.9161],[-79.0604,34.9188],[-79.0596,34.9222],[-79.0566,34.9197],[-79.0555,34.9175],[-79.0519,34.9144],[-79.0498,34.914],[-79.0454,34.9122],[-79.0421,34.9148],[-79.0403,34.9152],[-79.0373,34.917],[-79.0358,34.9188],[-79.0355,34.922],[-79.0363,34.9229],[-79.0343,34.9264],[-79.0317,34.9255],[-79.0304,34.9262],[-79.0323,34.9287],[-79.0322,34.9323],[-79.0306,34.9342],[-79.0233,34.9378],[-79.0219,34.9398],[-79.02,34.94],[-79.0165,34.938],[-79.0114,34.9365],[-79.0083,34.9381],[-79.0085,34.9405],[-79.0105,34.943],[-79.0082,34.9457],[-79.0038,34.9466],[-79.0004,34.9481],[-78.9991,34.9477],[-78.9957,34.9416],[-78.9931,34.9398],[-78.9852,34.9364],[-78.975,34.9354],[-78.9736,34.9359],[-78.9713,34.9341],[-78.9678,34.9297],[-78.9647,34.9283],[-78.9578,34.9264],[-78.9522,34.9253],[-78.9462,34.9256],[-78.9418,34.9271],[-78.937,34.9295],[-78.9341,34.9293],[-78.9313,34.9273],[-78.922,34.9247],[-78.9171,34.9221],[-78.913,34.9191],[-78.9081,34.9141],[-78.9066,34.912],[-78.9019,34.9019],[-78.9019,34.8997],[-78.8969,34.8956],[-78.8936,34.8894],[-78.8909,34.886],[-78.892,34.8845],[-78.8925,34.8786],[-78.8937,34.8763],[-78.8965,34.8744],[-78.8994,34.8736],[-78.9038,34.8716],[-78.9047,34.8705],[-78.9044,34.8673],[-78.9049,34.8633],[-78.9038,34.8606],[-78.9025,34.8552],[-78.9005,34.853],[-78.8954,34.8502],[-78.8931,34.8466],[-78.8882,34.8411],[-78.8857,34.8391],[-78.8858,34.8369],[-78.8896,34.8282],[-78.8891,34.8259],[-78.8876,34.8229],[-78.8828,34.8184],[-78.8804,34.8156],[-78.8804,34.8144],[-78.8748,34.8088],[-78.8705,34.7997],[-78.8653,34.7968],[-78.8614,34.7964],[-78.8604,34.7994],[-78.8559,34.7984],[-78.8538,34.7999],[-78.8505,34.7993],[-78.8463,34.7996],[-78.8425,34.7991],[-78.8361,34.7997],[-78.8244,34.7993],[-78.821,34.7974],[-78.8158,34.7924],[-78.8112,34.7816],[-78.8104,34.7737],[-78.8095,34.7704],[-78.8103,34.7674],[-78.8061,34.7663],[-78.8044,34.764],[-78.8044,34.7624],[-78.803,34.7566],[-78.8052,34.7541],[-78.8034,34.752],[-78.8034,34.7484],[-78.8019,34.7414],[-78.7982,34.7377],[-78.7914,34.7317],[-78.7859,34.7315],[-78.7781,34.7294],[-78.7715,34.7267],[-78.7673,34.7236],[-78.7602,34.7222],[-78.7576,34.7212],[-78.7522,34.7162],[-78.7495,34.7169],[-78.7485,34.7159],[-78.7483,34.7131],[-78.7472,34.7114],[-78.7401,34.704],[-78.7374,34.7023],[-78.7347,34.7015],[-78.7291,34.7021],[-78.7263,34.7003],[-78.7238,34.697],[-78.7169,34.6945],[-78.7143,34.6927],[-78.7093,34.6919],[-78.7041,34.6898],[-78.7017,34.6874],[-78.7021,34.6856],[-78.7063,34.681],[-78.7115,34.682],[-78.7124,34.6796],[-78.7149,34.6787],[-78.7154,34.6813],[-78.7179,34.6823],[-78.7218,34.6809],[-78.7216,34.6779],[-78.7252,34.6774],[-78.7257,34.6743],[-78.7286,34.6738],[-78.7298,34.6726],[-78.7322,34.6741],[-78.7346,34.6748],[-78.7372,34.6729],[-78.7378,34.6699],[-78.7413,34.668],[-78.7416,34.6668],[-78.7377,34.6634],[-78.7347,34.662],[-78.7325,34.6567],[-78.728,34.6544],[-78.7273,34.6532],[-78.7236,34.6507],[-78.7223,34.649],[-78.719,34.6479],[-78.7157,34.6476],[-78.7107,34.6462],[-78.7088,34.6451],[-78.7025,34.6453],[-78.7006,34.6402],[-78.6985,34.6379],[-78.6965,34.6347],[-78.693,34.6323],[-78.6927,34.631],[-78.688,34.6267],[-78.688,34.6251],[-78.6981,34.6229],[-78.701,34.6202],[-78.701,34.6171],[-78.6976,34.6149],[-78.6895,34.6149],[-78.6805,34.6121],[-78.6784,34.6108],[-78.6753,34.607],[-78.6724,34.6042],[-78.6693,34.5994],[-78.6654,34.596],[-78.6641,34.5924],[-78.662,34.5896],[-78.6611,34.5858],[-78.6611,34.5836],[-78.6596,34.5799],[-78.6584,34.5796],[-78.6559,34.5817],[-78.6516,34.5811],[-78.6496,34.5814],[-78.6448,34.5835],[-78.6414,34.583],[-78.6382,34.5793],[-78.6341,34.5765],[-78.6329,34.5735],[-78.6368,34.5676],[-78.6368,34.5664],[-78.6296,34.5658],[-78.6283,34.567],[-78.6258,34.5674],[-78.6238,34.5664],[-78.6203,34.5626],[-78.6139,34.5619],[-78.6119,34.5573],[-78.6096,34.5556],[-78.6072,34.5551],[-78.5994,34.5602],[-78.5944,34.5625],[-78.5872,34.5648],[-78.5849,34.565],[-78.5825,34.5636],[-78.581,34.5611],[-78.5823,34.5582],[-78.5868,34.5572],[-78.5873,34.5555],[-78.5861,34.5536],[-78.5866,34.5498],[-78.583,34.5442],[-78.5797,34.5409],[-78.5783,34.5387],[-78.5746,34.5378],[-78.5697,34.5344],[-78.5651,34.5322],[-78.5576,34.5309],[-78.5513,34.5281],[-78.5479,34.5275],[-78.5419,34.5279],[-78.5374,34.5272],[-78.535,34.5276],[-78.5321,34.5302],[-78.5282,34.5319],[-78.5246,34.5324],[-78.5249,34.5303],[-78.5219,34.5306],[-78.5159,34.5298],[-78.5133,34.5282],[-78.512,34.5259],[-78.5065,34.5232],[-78.5027,34.5223],[-78.5037,34.52],[-78.5032,34.5172],[-78.5009,34.515],[-78.4976,34.5137],[-78.4935,34.5142],[-78.4875,34.5177],[-78.4839,34.518],[-78.4832,34.517],[-78.4829,34.5127],[-78.4795,34.507],[-78.4786,34.5046],[-78.4779,34.5003],[-78.476,34.498],[-78.4738,34.4967],[-78.4702,34.4979],[-78.4675,34.4966],[-78.4684,34.4952],[-78.4747,34.4938],[-78.477,34.4909],[-78.4818,34.49],[-78.4912,34.4874],[-78.4932,34.4844],[-78.4919,34.4809],[-78.4889,34.4764],[-78.4839,34.4729],[-78.4818,34.4729],[-78.4729,34.4697],[-78.4726,34.4672],[-78.4744,34.4627],[-78.4761,34.4614],[-78.4789,34.4608],[-78.4815,34.4587],[-78.4785,34.4575],[-78.476,34.4575],[-78.4741,34.4563],[-78.4723,34.4535],[-78.4703,34.4518],[-78.4665,34.4499],[-78.464,34.4477],[-78.4632,34.4459],[-78.4632,34.443],[-78.4655,34.44],[-78.4656,34.4382],[-78.4644,34.434],[-78.4614,34.4293],[-78.4604,34.4286],[-78.4482,34.4254],[-78.4352,34.4205],[-78.4344,34.4199],[-78.4328,34.4155],[-78.4351,34.4092],[-78.4284,34.406],[-78.417,34.4019],[-78.4141,34.4012],[-78.3994,34.3956],[-78.3924,34.3934],[-78.3851,34.3904],[-78.3633,34.3822],[-78.3719,34.3732],[-78.3733,34.3693],[-78.373,34.3639],[-78.3718,34.3614],[-78.3678,34.3572],[-78.3682,34.3553],[-78.3719,34.3508],[-78.3747,34.3462],[-78.3792,34.3425],[-78.3882,34.3367],[-78.3892,34.3348],[-78.3886,34.3333],[-78.3835,34.3281],[-78.3828,34.3253],[-78.3834,34.3218],[-78.3798,34.3222],[-78.375,34.3192],[-78.363,34.3188],[-78.3575,34.3188],[-78.3548,34.3181],[-78.3533,34.316],[-78.3528,34.3118],[-78.353,34.3057],[-78.3546,34.296],[-78.3544,34.2899],[-78.3554,34.2861],[-78.3555,34.2794],[-78.3548,34.273],[-78.3549,34.2668],[-78.3546,34.2632],[-78.3557,34.2609],[-78.361,34.259],[-78.363,34.2568],[-78.3637,34.2499],[-78.3663,34.2459],[-78.3665,34.2438],[-78.3642,34.2395],[-78.3638,34.2361],[-78.3628,34.2347],[-78.3539,34.2297],[-78.3492,34.2276],[-78.3325,34.2217],[-78.3299,34.2204],[-78.3245,34.2168],[-78.3191,34.2138],[-78.3032,34.2068],[-78.3009,34.206],[-78.296,34.203],[-78.2926,34.2013],[-78.286,34.2012],[-78.2828,34.202],[-78.2713,34.2038],[-78.2658,34.2032],[-78.2594,34.2015],[-78.2568,34.2016],[-78.2504,34.2034],[-78.243,34.2044],[-78.2424,34.2022],[-78.2462,34.1976],[-78.2482,34.1936],[-78.2493,34.1889],[-78.2495,34.1777],[-78.2491,34.1725],[-78.2491,34.1624],[-78.2489,34.1591],[-78.2488,34.1506],[-78.2465,34.1406],[-78.245,34.1363],[-78.2399,34.1316],[-78.2351,34.1296],[-78.2293,34.1286],[-78.2179,34.128],[-78.2128,34.1259],[-78.2101,34.1217],[-78.2041,34.115],[-78.2032,34.112],[-78.2007,34.1091],[-78.2031,34.1063],[-78.2012,34.1039],[-78.1986,34.1032],[-78.1962,34.1014],[-78.1951,34.0988],[-78.1929,34.097],[-78.1934,34.0944],[-78.1915,34.0907],[-78.1866,34.0901],[-78.1864,34.0885],[-78.1847,34.0868],[-78.1807,34.0859],[-78.1793,34.087],[-78.1797,34.0894],[-78.1784,34.0905],[-78.1737,34.0887],[-78.173,34.0905],[-78.1711,34.0907],[-78.1677,34.0897],[-78.1669,34.0887],[-78.1643,34.0893],[-78.1655,34.0913],[-78.1651,34.0943],[-78.1625,34.0962],[-78.1583,34.093],[-78.1588,34.0913],[-78.1582,34.0856],[-78.1588,34.0843],[-78.156,34.0822],[-78.1536,34.0812],[-78.1467,34.0834],[-78.1423,34.0857],[-78.1383,34.085],[-78.1376,34.0823],[-78.1343,34.0808],[-78.1354,34.0773],[-78.1304,34.0758],[-78.13,34.0739],[-78.12,34.0701],[-78.1178,34.0672],[-78.1171,34.0608],[-78.1121,34.056],[-78.1093,34.0551],[-78.1054,34.0553],[-78.1025,34.0537],[-78.0981,34.0487],[-78.0964,34.0435],[-78.0953,34.0366],[-78.1056,34.0295],[-78.1076,34.0269],[-78.1065,34.0246],[-78.1082,34.02],[-78.1083,34.0155],[-78.1067,34.0136],[-78.0976,34.0115],[-78.0955,34.0063],[-78.0933,34.0024],[-78.0934,34.0006],[-78.0951,33.9992],[-78.0956,33.9957],[-78.0983,33.994],[-78.1001,33.9919],[-78.1005,33.9869],[-78.1022,33.9828],[-78.1019,33.9802],[-78.0995,33.9791],[-78.0982,33.9766],[-78.0987,33.9753],[-78.1047,33.9747],[-78.1076,33.9733],[-78.1066,33.9708],[-78.1081,33.9673],[-78.1071,33.9652],[-78.1077,33.9631],[-78.1132,33.9607],[-78.1151,33.9614],[-78.117,33.9604],[-78.1199,33.9607],[-78.1219,33.9595],[-78.1169,33.9566],[-78.1175,33.9545],[-78.1201,33.9526],[-78.1239,33.9539],[-78.1296,33.9544],[-78.1345,33.954],[-78.1431,33.955],[-78.1461,33.954],[-78.1478,33.9504],[-78.1411,33.9451],[-78.1483,33.9432],[-78.1494,33.9422],[-78.149,33.9392],[-78.1476,33.9365],[-78.1503,33.9357],[-78.1535,33.9305],[-78.1549,33.9297],[-78.1555,33.9262],[-78.1524,33.9245],[-78.151,33.922],[-78.1483,33.9215],[-78.1469,33.9222],[-78.1411,33.9219],[-78.1395,33.9228],[-78.1339,33.9218],[-78.1293,33.9187],[-78.1275,33.9193],[-78.1257,33.9172],[-78.124,33.9166],[-78.1204,33.918],[-78.1185,33.918],[-78.1165,33.9155],[-78.1096,33.9144],[-78.1058,33.9134],[-78.1055,33.9111],[-78.1063,33.9084],[-78.0875,33.9051],[-78.0778,33.903],[-78.0791,33.9021],[-78.1113,33.8885],[-78.1323,33.8612],[-78.133,33.8601],[-78.1224,33.8585],[-78.1103,33.8571],[-78.1057,33.8558],[-78.0964,33.8541],[-78.092,33.853],[-78.0855,33.852],[-78.0762,33.8488],[-78.0736,33.8442],[-78.0679,33.8369],[-78.0631,33.8323],[-78.0584,33.8288],[-78.0514,33.8247],[-78.0448,33.8198],[-78.0413,33.8177],[-78.0334,33.8136],[-78.0184,33.8075],[-78.0163,33.8016],[-78.0138,33.7968],[-78.0113,33.7929],[-78.0078,33.7886],[-78.0045,33.7852],[-77.9993,33.7809],[-77.9952,33.7782],[-77.9879,33.7744],[-77.9822,33.7722],[-77.9742,33.77],[-77.968,33.769],[-77.9626,33.7686],[-77.9532,33.7688],[-77.9427,33.7705],[-77.9446,33.773],[-77.9457,33.7769],[-77.9464,33.782],[-77.9513,33.7992],[-77.9527,33.806],[-77.9572,33.8082],[-77.958,33.811],[-77.9597,33.8128],[-77.9606,33.8157],[-77.9597,33.8189],[-77.9595,33.8227],[-77.9586,33.8247],[-77.9602,33.8316],[-77.9626,33.8359],[-77.9629,33.8378],[-77.9607,33.8512],[-77.9605,33.8576],[-77.9595,33.8616],[-77.9598,33.8633],[-77.9563,33.88],[-77.9553,33.8853],[-77.9525,33.8975],[-77.9508,33.9023],[-77.9481,33.9075],[-77.9466,33.9124],[-77.9441,33.918],[-77.941,33.9216],[-77.937,33.9294],[-77.9344,33.9356],[-77.9283,33.946],[-77.9264,33.9509],[-77.9251,33.9532],[-77.9242,33.9567],[-77.9232,33.9579],[-77.9193,33.9676],[-77.9169,33.9711],[-77.9143,33.9725],[-77.9105,33.9847],[-77.9101,33.9933],[-77.9103,33.996],[-77.9076,34.0018],[-77.9048,34.0026],[-77.9022,34.0081],[-77.8981,34.0191],[-77.8938,34.029],[-77.8932,34.0318],[-77.8944,34.0335],[-77.894,34.0369],[-77.8946,34.0388],[-77.9003,34.0481],[-77.9021,34.0497],[-77.9032,34.0529],[-77.907,34.0521],[-77.9081,34.0537],[-77.9048,34.0556],[-77.9016,34.0565],[-77.9022,34.0584],[-77.8991,34.0621],[-77.8971,34.0677],[-77.8955,34.0745],[-77.8958,34.0786],[-77.8975,34.081],[-77.895,34.0851],[-77.8967,34.0907],[-77.8963,34.0942],[-77.8993,34.0983],[-77.9027,34.1006],[-77.9018,34.103],[-77.9023,34.1054],[-77.9001,34.1083],[-77.9,34.1113],[-77.9007,34.1129],[-77.9031,34.1134],[-77.9037,34.116],[-77.9017,34.1173],[-77.8979,34.1229],[-77.8979,34.1267],[-77.8993,34.1269],[-77.8965,34.1313],[-77.8954,34.1318],[-77.8875,34.1292],[-77.8831,34.1286],[-77.8818,34.1304],[-77.8828,34.1332],[-77.8795,34.1349],[-77.8774,34.1371],[-77.8754,34.1417],[-77.8754,34.1442],[-77.8773,34.1463],[-77.8824,34.1494],[-77.8896,34.1508],[-77.8925,34.1533],[-77.8938,34.1574],[-77.8973,34.1594],[-77.8917,34.162],[-77.8893,34.1649],[-77.8913,34.1682],[-77.8897,34.1725],[-77.8905,34.1762],[-77.8906,34.1816],[-77.8913,34.1825],[-77.895,34.1796],[-77.897,34.1789],[-77.902,34.18],[-77.907,34.1806],[-77.9089,34.1801],[-77.9126,34.1835],[-77.917,34.1852],[-77.9182,34.187],[-77.9213,34.1866],[-77.9235,34.1878],[-77.9234,34.1919],[-77.9201,34.1949],[-77.918,34.2011],[-77.9123,34.2019],[-77.9095,34.2017],[-77.9067,34.2044],[-77.9072,34.2087],[-77.9083,34.2097],[-77.9096,34.2132],[-77.9114,34.2142],[-77.9102,34.2194],[-77.908,34.2215],[-77.9065,34.2217],[-77.9018,34.22],[-77.899,34.217],[-77.8981,34.2133],[-77.894,34.2112],[-77.8882,34.2105],[-77.886,34.2141],[-77.8815,34.2163],[-77.8794,34.2184],[-77.8791,34.2217],[-77.8771,34.2278],[-77.8762,34.2318],[-77.8721,34.237],[-77.8706,34.2408],[-77.871,34.2459],[-77.8696,34.2462],[-77.8563,34.2458],[-77.8546,34.2447],[-77.8509,34.244],[-77.8506,34.2475],[-77.8497,34.2483],[-77.8447,34.2485],[-77.8422,34.2479],[-77.8416,34.2514],[-77.8381,34.2528],[-77.8379,34.2563],[-77.8354,34.2586],[-77.8312,34.2603],[-77.8285,34.2622],[-77.8259,34.2661],[-77.8265,34.2691],[-77.8241,34.2698],[-77.8249,34.2715],[-77.8202,34.2756],[-77.8183,34.2789],[-77.8155,34.2805],[-77.814,34.2835],[-77.8162,34.2862],[-77.8137,34.2896],[-77.8143,34.2921],[-77.8128,34.2941],[-77.8097,34.2956],[-77.8072,34.2954],[-77.804,34.2966],[-77.8028,34.2963],[-77.8008,34.2989],[-77.7949,34.2975],[-77.7938,34.2994],[-77.7874,34.3026],[-77.7812,34.3083],[-77.7792,34.3115],[-77.7769,34.3122],[-77.7718,34.317],[-77.7701,34.3191],[-77.7706,34.3226],[-77.7748,34.3247],[-77.7725,34.3274],[-77.7687,34.3338],[-77.7642,34.3384],[-77.7583,34.3417],[-77.7512,34.3465],[-77.7463,34.3488],[-77.7434,34.3474],[-77.7394,34.3472],[-77.7377,34.3466],[-77.7334,34.349],[-77.7331,34.3503],[-77.7297,34.3518],[-77.7255,34.3555],[-77.7207,34.3583],[-77.7169,34.3621],[-77.7178,34.3648],[-77.7142,34.3675],[-77.7105,34.3679],[-77.7078,34.3709],[-77.7073,34.3729],[-77.7093,34.376],[-77.709,34.378],[-77.7047,34.379],[-77.7013,34.3775],[-77.6992,34.3781],[-77.695,34.3817],[-77.6967,34.3835],[-77.6969,34.3854],[-77.6999,34.3864],[-77.7005,34.3891],[-77.6942,34.3898],[-77.6902,34.3913],[-77.6855,34.3948],[-77.6829,34.3961],[-77.6811,34.3985],[-77.6769,34.4015],[-77.6754,34.4041],[-77.6727,34.4049],[-77.6707,34.4064],[-77.6684,34.4065],[-77.6678,34.4084],[-77.6715,34.4103],[-77.6759,34.4145],[-77.6788,34.4155],[-77.6797,34.4206],[-77.6773,34.4255],[-77.6727,34.4294],[-77.6703,34.4297],[-77.6615,34.4262],[-77.66,34.4246],[-77.6528,34.4221],[-77.6502,34.4219],[-77.649,34.4233],[-77.6463,34.4237],[-77.6435,34.4254],[-77.6412,34.4277],[-77.6389,34.429],[-77.6377,34.4325],[-77.64,34.4364],[-77.6359,34.4403],[-77.6364,34.444],[-77.6326,34.4457],[-77.6321,34.4478],[-77.6305,34.4482],[-77.6272,34.4509],[-77.6227,34.4516],[-77.6203,34.454],[-77.6229,34.4586],[-77.6213,34.4622],[-77.6194,34.464],[-77.6165,34.4648],[-77.6097,34.4657],[-77.608,34.4653],[-77.6038,34.4625],[-77.6021,34.4619],[-77.5985,34.465],[-77.5941,34.466],[-77.5863,34.4667],[-77.584,34.4681],[-77.5822,34.4715],[-77.5832,34.4741],[-77.5861,34.4755],[-77.5909,34.479],[-77.5918,34.4813],[-77.59,34.484],[-77.5892,34.4884],[-77.5861,34.4895],[-77.5792,34.4895],[-77.5754,34.4915],[-77.5724,34.4948],[-77.5709,34.4955],[-77.5684,34.4945],[-77.5643,34.4957],[-77.5602,34.4982],[-77.5567,34.5011],[-77.5439,34.504],[-77.5397,34.5058],[-77.5278,34.514],[-77.5217,34.5169],[-77.5155,34.5192],[-77.5131,34.5185],[-77.5099,34.5187],[-77.5076,34.5203],[-77.5068,34.522],[-77.5068,34.5264],[-77.5049,34.5293],[-77.5049,34.5367],[-77.4997,34.5478],[-77.4988,34.5505],[-77.4941,34.5606],[-77.4881,34.5717],[-77.4873,34.5761],[-77.48,34.586],[-77.4791,34.5896],[-77.4803,34.5926],[-77.4824,34.6025],[-77.4838,34.612],[-77.4851,34.6162],[-77.4851,34.6186],[-77.4833,34.6218],[-77.4821,34.6228],[-77.4776,34.6232],[-77.4765,34.6243],[-77.4764,34.6267],[-77.4723,34.6283],[-77.4717,34.6316],[-77.4703,34.6349],[-77.464,34.6352],[-77.4633,34.6373],[-77.4662,34.6378],[-77.4695,34.6401],[-77.4754,34.6419],[-77.4797,34.6449],[-77.482,34.6477],[-77.4841,34.6486],[-77.4884,34.6483],[-77.4933,34.646],[-77.4966,34.6464],[-77.4991,34.6449],[-77.5021,34.6457],[-77.5048,34.6477],[-77.5052,34.6492],[-77.5033,34.6517],[-77.5029,34.6549],[-77.5041,34.6565],[-77.5085,34.6579],[-77.5094,34.6595],[-77.5083,34.6628],[-77.5047,34.6642],[-77.5005,34.6694],[-77.5006,34.673],[-77.5029,34.6777],[-77.5059,34.6776],[-77.5111,34.6798],[-77.5133,34.6818],[-77.5177,34.6803],[-77.5211,34.6804],[-77.5245,34.6813],[-77.5233,34.6842],[-77.5256,34.6846],[-77.5274,34.6862],[-77.5349,34.6845],[-77.5375,34.6806],[-77.5376,34.6751],[-77.5396,34.675],[-77.5415,34.6789],[-77.5438,34.6808],[-77.5471,34.6809],[-77.5496,34.6821],[-77.5505,34.6798],[-77.5525,34.6797],[-77.5558,34.6812],[-77.5585,34.6851],[-77.5571,34.6903],[-77.558,34.6939],[-77.5606,34.6948],[-77.5631,34.6967],[-77.5689,34.6969],[-77.5718,34.6978],[-77.5765,34.6983],[-77.5805,34.6969],[-77.583,34.6966],[-77.5842,34.6979],[-77.5888,34.6999],[-77.5898,34.7014],[-77.5896,34.7046],[-77.5904,34.7058],[-77.5955,34.7071],[-77.5979,34.7091],[-77.6013,34.7104],[-77.6057,34.7083],[-77.6075,34.7086],[-77.6107,34.7118],[-77.6135,34.7133],[-77.619,34.7143],[-77.6219,34.7158],[-77.6292,34.7134],[-77.6318,34.7146],[-77.6309,34.7198],[-77.628,34.725],[-77.6248,34.7275],[-77.6245,34.7315],[-77.622,34.7347],[-77.6212,34.7379],[-77.6195,34.7417],[-77.6203,34.7448],[-77.6197,34.7467],[-77.6161,34.7474],[-77.6138,34.7511],[-77.6119,34.7512],[-77.609,34.7493],[-77.6061,34.7457],[-77.6035,34.744],[-77.6006,34.7444],[-77.5958,34.7495],[-77.596,34.7513],[-77.5992,34.7565],[-77.5993,34.7593],[-77.5979,34.7669],[-77.5965,34.7716],[-77.5969,34.7728],[-77.6027,34.775],[-77.6043,34.7774],[-77.6043,34.7802],[-77.6055,34.7829],[-77.6077,34.7847],[-77.6096,34.7852],[-77.6179,34.7946],[-77.6219,34.7999],[-77.6226,34.8022],[-77.6234,34.8115],[-77.6228,34.8154],[-77.6191,34.8225],[-77.6088,34.8309],[-77.6078,34.8321],[-77.608,34.835],[-77.6054,34.8363],[-77.6043,34.8384],[-77.604,34.8439],[-77.6021,34.8449],[-77.5958,34.8458],[-77.596,34.8477],[-77.6005,34.8607],[-77.603,34.8625],[-77.6092,34.865],[-77.6151,34.8685],[-77.6175,34.8728],[-77.6191,34.8829],[-77.6221,34.8866],[-77.6244,34.8875],[-77.6314,34.8876],[-77.6339,34.889],[-77.6377,34.893],[-77.6414,34.8947],[-77.6432,34.898],[-77.6419,34.902],[-77.643,34.9032],[-77.6466,34.9042],[-77.6461,34.9055],[-77.6461,34.9134],[-77.6479,34.9179],[-77.6513,34.9199],[-77.6545,34.9232],[-77.6543,34.9252],[-77.6516,34.9281],[-77.6517,34.9297],[-77.6542,34.9345],[-77.6536,34.939],[-77.6544,34.9407],[-77.6596,34.9479],[-77.6699,34.9553],[-77.6728,34.9583],[-77.6745,34.9623],[-77.6777,34.967],[-77.6851,34.9733],[-77.6884,34.9784],[-77.6903,34.9836],[-77.6924,34.9872],[-77.6959,34.988],[-77.6965,34.9902],[-77.7023,34.9934],[-77.7039,34.9933],[-77.7113,34.9943],[-77.7141,34.9957],[-77.7189,34.9998],[-77.7259,35.0001],[-77.7281,35.0034],[-77.7327,35.0058],[-77.7346,35.0089],[-77.7346,35.0123],[-77.7359,35.0143],[-77.7393,35.0173],[-77.7443,35.0195],[-77.7477,35.0222],[-77.7484,35.0236],[-77.7478,35.0272],[-77.7455,35.0288],[-77.7449,35.0312],[-77.7428,35.033],[-77.7385,35.0345],[-77.7375,35.0373],[-77.7397,35.0395],[-77.7391,35.042],[-77.7375,35.0437],[-77.7374,35.0454],[-77.7388,35.0468],[-77.7444,35.0466],[-77.7489,35.0483],[-77.7537,35.0498],[-77.7566,35.0527],[-77.7564,35.0553],[-77.7535,35.0554],[-77.7521,35.0586],[-77.7522,35.0623],[-77.7507,35.0751],[-77.751,35.078],[-77.7486,35.0801],[-77.749,35.0851],[-77.7475,35.0865],[-77.7429,35.0872],[-77.7416,35.089],[-77.7412,35.0946],[-77.7448,35.0997],[-77.7467,35.0998],[-77.7502,35.1106],[-77.7517,35.1126],[-77.7455,35.1211],[-77.7455,35.1227],[-77.7497,35.1253],[-77.754,35.1267],[-77.7572,35.1272],[-77.7605,35.1298],[-77.7643,35.1292],[-77.7659,35.1272],[-77.768,35.1294],[-77.7679,35.1356],[-77.7688,35.1379],[-77.7709,35.1402],[-77.7708,35.1423],[-77.7673,35.1486],[-77.7673,35.1506],[-77.7699,35.1525],[-77.7732,35.1532],[-77.7742,35.1551],[-77.7781,35.1562],[-77.7793,35.1573],[-77.7863,35.16],[-77.7896,35.1601],[-77.7894,35.1619],[-77.7922,35.1648],[-77.7956,35.1657],[-77.7987,35.1692],[-77.8058,35.1748],[-77.8105,35.1753],[-77.817,35.1753],[-77.8233,35.1749],[-77.8281,35.1739],[-77.8324,35.1759],[-77.8363,35.1787],[-77.838,35.1823],[-77.8381,35.1863],[-77.8399,35.1889],[-77.8402,35.1927],[-77.8386,35.1966],[-77.8391,35.1984],[-77.8423,35.199],[-77.8458,35.2029],[-77.8497,35.2085],[-77.8566,35.209],[-77.8617,35.2078],[-77.8645,35.2098],[-77.8669,35.2078],[-77.8725,35.2072],[-77.8743,35.2079],[-77.8853,35.2184],[-77.8905,35.2205],[-77.8975,35.2202],[-77.9021,35.2223],[-77.9042,35.2245],[-77.9043,35.227],[-77.9083,35.2266],[-77.9121,35.229],[-77.9152,35.2291],[-77.9176,35.227],[-77.9202,35.2264],[-77.9265,35.2282],[-77.9304,35.228],[-77.9337,35.2266],[-77.939,35.2265],[-77.9404,35.2273],[-77.9413,35.2297],[-77.9446,35.2317],[-77.9484,35.2306],[-77.9498,35.2315],[-77.9538,35.2318],[-77.9566,35.2303],[-77.9593,35.2276],[-77.9655,35.2269],[-77.9713,35.2274],[-77.9764,35.2308],[-77.9834,35.2298],[-77.987,35.2301],[-77.9885,35.2336],[-77.9939,35.2349],[-77.9974,35.2369],[-77.9984,35.2385],[-78.0007,35.2397],[-78.0074,35.2401],[-78.0092,35.2394],[-78.0095,35.2376],[-78.0079,35.2354],[-78.0082,35.2312],[-78.0116,35.227],[-78.0127,35.2221],[-78.0158,35.2206],[-78.0192,35.2224],[-78.0231,35.2257],[-78.026,35.2272],[-78.0307,35.2277],[-78.0345,35.2256],[-78.0437,35.2231],[-78.0526,35.2215],[-78.0557,35.2191],[-78.0555,35.2143],[-78.0578,35.2116],[-78.0605,35.2106],[-78.067,35.2095],[-78.0701,35.2071],[-78.072,35.2036],[-78.0714,35.2017],[-78.0683,35.1984],[-78.0675,35.1922],[-78.0704,35.187],[-78.0713,35.1834],[-78.0734,35.1801],[-78.0759,35.1782],[-78.0824,35.1771],[-78.0891,35.1744],[-78.0931,35.1738],[-78.0964,35.1745],[-78.101,35.1765],[-78.1064,35.1779],[-78.1077,35.1795],[-78.108,35.1826],[-78.1089,35.1848],[-78.112,35.1882],[-78.1129,35.1913],[-78.1128,35.1988],[-78.1143,35.2018],[-78.1165,35.2022],[-78.1216,35.2019],[-78.126,35.2029],[-78.132,35.2059],[-78.1354,35.2048],[-78.1445,35.2048],[-78.1489,35.2037],[-78.1514,35.2037],[-78.154,35.2047],[-78.1576,35.2025],[-78.1606,35.2053],[-78.1604,35.2121],[-78.1632,35.217],[-78.1652,35.2189],[-78.1656,35.2205],[-78.1708,35.2232],[-78.1742,35.2235],[-78.1769,35.2219],[-78.178,35.2186],[-78.1819,35.2141],[-78.1846,35.2134],[-78.1919,35.2144],[-78.197,35.2136],[-78.2006,35.2145],[-78.2049,35.2147],[-78.2105,35.2173],[-78.2134,35.2158],[-78.218,35.2124],[-78.2213,35.2119],[-78.2244,35.2123],[-78.2284,35.2159],[-78.2325,35.2185],[-78.2414,35.2203],[-78.2441,35.2215],[-78.2454,35.223],[-78.2504,35.2247],[-78.2571,35.23],[-78.2605,35.2313],[-78.2674,35.2373],[-78.2694,35.2412],[-78.2723,35.2418],[-78.2729,35.2457],[-78.2799,35.2488],[-78.2826,35.251],[-78.2893,35.2579],[-78.2934,35.2616],[-78.2974,35.2661],[-78.304,35.2721],[-78.3059,35.2732],[-78.3143,35.2736],[-78.3203,35.2735],[-78.3217,35.2746],[-78.3215,35.2779],[-78.3244,35.281],[-78.3308,35.2848],[-78.3387,35.2861],[-78.3404,35.2869],[-78.3422,35.2858],[-78.3463,35.2855],[-78.3471,35.2848],[-78.3484,35.28],[-78.3535,35.278],[-78.356,35.2741],[-78.3609,35.2692],[-78.3654,35.2695],[-78.3689,35.267],[-78.3707,35.2617],[-78.3723,35.26],[-78.3747,35.2593],[-78.3792,35.2589],[-78.3805,35.2574],[-78.3848,35.257],[-78.3862,35.254],[-78.3886,35.2537],[-78.3896,35.2511],[-78.3944,35.2478],[-78.3974,35.2468],[-78.4048,35.2468],[-78.4092,35.2494],[-78.4133,35.2494],[-78.4161,35.2504],[-78.4193,35.254],[-78.4214,35.2545],[-78.4255,35.2543],[-78.43,35.2528],[-78.435,35.2526],[-78.4438,35.2568],[-78.4483,35.257],[-78.4523,35.2579],[-78.4544,35.2557],[-78.4633,35.2538],[-78.4653,35.2532],[-78.4709,35.2533],[-78.4768,35.2542],[-78.4802,35.2551],[-78.4852,35.2557],[-78.4879,35.2597],[-78.4899,35.2612],[-78.494,35.2655],[-78.4992,35.2699],[-78.5022,35.2699],[-78.5077,35.2708],[-78.5095,35.2741],[-78.5113,35.2753],[-78.5159,35.2767],[-78.5191,35.2795],[-78.5192,35.2825],[-78.5211,35.2865],[-78.5252,35.2893],[-78.5295,35.2962],[-78.5285,35.299],[-78.529,35.3006],[-78.5273,35.3048],[-78.5246,35.3082],[-78.5204,35.312],[-78.5155,35.3115],[-78.5103,35.3116],[-78.508,35.3124],[-78.5089,35.315],[-78.5129,35.3158],[-78.5139,35.3174],[-78.5133,35.3211],[-78.5155,35.3227],[-78.5135,35.3244],[-78.5119,35.3244],[-78.5086,35.3259],[-78.5063,35.3279],[-78.5039,35.3313],[-78.5038,35.3352],[-78.4992,35.337],[-78.4973,35.3394],[-78.4971,35.3414],[-78.4941,35.3451],[-78.4945,35.3492],[-78.4981,35.3521],[-78.5022,35.3541],[-78.5036,35.3584],[-78.5032,35.3612],[-78.5037,35.3632],[-78.5064,35.3646],[-78.5066,35.3661],[-78.5102,35.369],[-78.5163,35.3692],[-78.5223,35.3643],[-78.527,35.3592],[-78.5334,35.358],[-78.5383,35.3597],[-78.5434,35.3621],[-78.5457,35.3618],[-78.5472,35.3628],[-78.5462,35.3665],[-78.5478,35.3688],[-78.5527,35.3706],[-78.5549,35.3761],[-78.5562,35.3809],[-78.5569,35.387],[-78.5563,35.3884],[-78.5568,35.3924],[-78.5557,35.3949],[-78.5549,35.4015],[-78.5581,35.4114],[-78.558,35.4156],[-78.5599,35.4175],[-78.5589,35.4199],[-78.5607,35.4206],[-78.561,35.4235],[-78.563,35.4241],[-78.5626,35.4276],[-78.5638,35.4303],[-78.5654,35.4308],[-78.5666,35.4335],[-78.5693,35.4316],[-78.5731,35.4324],[-78.5759,35.4354],[-78.5784,35.4357],[-78.5812,35.4376],[-78.5885,35.4367],[-78.5884,35.4345],[-78.5864,35.4313],[-78.588,35.4302],[-78.5908,35.4302],[-78.5926,35.4317],[-78.5958,35.4315],[-78.5975,35.4301],[-78.6024,35.4326],[-78.6059,35.4332],[-78.6101,35.4347],[-78.6097,35.4364],[-78.6133,35.4369],[-78.6161,35.4401],[-78.615,35.4422],[-78.6161,35.4442],[-78.6158,35.4471],[-78.6189,35.4498],[-78.6214,35.4509],[-78.6233,35.4545],[-78.6254,35.4548],[-78.6257,35.4575],[-78.6294,35.4593],[-78.6325,35.462],[-78.6355,35.4621],[-78.639,35.461],[-78.6411,35.4644],[-78.6468,35.4679],[-78.6478,35.4698],[-78.6506,35.4718],[-78.651,35.475],[-78.648,35.4779],[-78.6488,35.4819],[-78.6514,35.4836],[-78.6541,35.4836],[-78.6561,35.4911],[-78.6593,35.4937],[-78.6622,35.4977],[-78.6665,35.4978],[-78.6717,35.4954],[-78.6758,35.4966],[-78.6788,35.4962],[-78.6798,35.4995],[-78.688,35.5026],[-78.6881,35.5066],[-78.6872,35.5121],[-78.6854,35.5141],[-78.6909,35.516],[-78.693,35.5174],[-78.695,35.5174],[-78.6965,35.5193],[-78.7012,35.5208],[-78.7055,35.5183],[-78.7087,35.5188],[-78.711,35.5228],[-78.7181,35.5234],[-78.7228,35.5209],[-78.7242,35.5211],[-78.7255,35.5259],[-78.7296,35.5266],[-78.7327,35.5285]]]},"properties":{"basin_name":"Cape Fear","color":"#2f6f9f","label_lat":35.18,"label_lng":-79.18,"scope":"Cross Creek–Moore’s Creek–Guilford Courthouse comparison area, including the Haw, Deep, upper and lower Cape Fear, Black, and Northeast Cape Fear subbasins.","historical_note":"Modern terrain-based watershed boundary used as a geographic framework; it is not an eighteenth-century administrative boundary.","source_hucs":"03030002|03030003|03030004|03030005|03030006|03030007","source_names":"Haw|Deep|Upper Cape Fear|Lower Cape Fear|Black|Northeast Cape Fear","component_count":6,"basin_id":"cape-fear","area_sq_km":23846.72}},{"type":"Feature","geometry":{"type":"Polygon","coordinates":[[[-79.157,33.1249],[-79.1508,33.1298],[-79.1473,33.1333],[-79.1409,33.1407],[-79.1322,33.1406],[-79.127,33.1411],[-79.1189,33.1427],[-79.1093,33.146],[-79.1022,33.1496],[-79.098,33.1522],[-79.0921,33.1571],[-79.0888,33.1604],[-79.0842,33.1663],[-79.0819,33.1702],[-79.0788,33.1776],[-79.0775,33.1827],[-79.0767,33.1897],[-79.0775,33.1984],[-79.08,33.2069],[-79.0828,33.2125],[-79.0881,33.22],[-79.0949,33.2266],[-79.1021,33.2316],[-79.1083,33.2348],[-79.114,33.237],[-79.1194,33.2386],[-79.1205,33.2415],[-79.1211,33.2457],[-79.1189,33.2544],[-79.1178,33.2623],[-79.1168,33.2665],[-79.1139,33.2759],[-79.1123,33.2821],[-79.1039,33.2899],[-79.0997,33.2949],[-79.0971,33.2987],[-79.0942,33.3043],[-79.0915,33.3127],[-79.0906,33.3207],[-79.0907,33.3251],[-79.0921,33.3328],[-79.0938,33.3377],[-79.0927,33.3439],[-79.0925,33.3479],[-79.0907,33.3612],[-79.0889,33.367],[-79.0853,33.3722],[-79.0829,33.3765],[-79.0803,33.3831],[-79.0773,33.3886],[-79.0741,33.3935],[-79.07,33.4011],[-79.0663,33.407],[-79.0631,33.413],[-79.0581,33.419],[-79.0507,33.4312],[-79.0471,33.4367],[-79.0448,33.4411],[-79.0354,33.4535],[-79.0308,33.4584],[-79.0233,33.4645],[-79.0205,33.4671],[-79.0154,33.4709],[-79.0081,33.476],[-78.9997,33.4793],[-78.9952,33.4816],[-78.9902,33.4846],[-78.9826,33.4904],[-78.9768,33.4966],[-78.9717,33.5043],[-78.9685,33.5117],[-78.9676,33.5151],[-78.9665,33.5227],[-78.9632,33.5296],[-78.9586,33.5364],[-78.9523,33.5435],[-78.9498,33.5458],[-78.9411,33.5551],[-78.9325,33.5641],[-78.9308,33.5661],[-78.9219,33.5751],[-78.9134,33.5839],[-78.9097,33.5883],[-78.9025,33.596],[-78.8907,33.6078],[-78.8851,33.6125],[-78.8739,33.6223],[-78.8653,33.6302],[-78.8521,33.6412],[-78.8461,33.6451],[-78.8395,33.6507],[-78.8319,33.6595],[-78.8258,33.6651],[-78.8133,33.6753],[-78.7934,33.6905],[-78.7809,33.6997],[-78.7757,33.7034],[-78.7673,33.7084],[-78.7495,33.7197],[-78.7442,33.7237],[-78.7296,33.7322],[-78.7227,33.7359],[-78.7143,33.7409],[-78.7004,33.748],[-78.6958,33.7506],[-78.6788,33.7587],[-78.662,33.7658],[-78.6522,33.7693],[-78.6479,33.7706],[-78.6409,33.7732],[-78.6272,33.7779],[-78.609,33.7834],[-78.5977,33.7875],[-78.5893,33.7883],[-78.5831,33.7893],[-78.5751,33.7914],[-78.5675,33.7944],[-78.5596,33.7927],[-78.5544,33.792],[-78.5471,33.7918],[-78.5388,33.7924],[-78.5293,33.7941],[-78.5231,33.7958],[-78.5155,33.7988],[-78.5077,33.8031],[-78.4999,33.8091],[-78.4944,33.8151],[-78.4873,33.8187],[-78.4814,33.8205],[-78.4685,33.8241],[-78.459,33.8261],[-78.4336,33.8344],[-78.4175,33.8386],[-78.4107,33.8406],[-78.3963,33.8443],[-78.388,33.8459],[-78.3783,33.847],[-78.3675,33.8476],[-78.3568,33.8492],[-78.3489,33.8515],[-78.3437,33.8535],[-78.3392,33.8557],[-78.333,33.8566],[-78.3203,33.8576],[-78.3045,33.8594],[-78.2991,33.8595],[-78.2926,33.8601],[-78.2782,33.8617],[-78.2707,33.8618],[-78.2614,33.8629],[-78.2541,33.8634],[-78.2459,33.8632],[-78.2416,33.8624],[-78.2343,33.8615],[-78.225,33.8611],[-78.2166,33.8615],[-78.2061,33.8633],[-78.194,33.8638],[-78.1903,33.8637],[-78.1754,33.864],[-78.1632,33.8637],[-78.1446,33.8624],[-78.1402,33.8613],[-78.133,33.8601],[-78.1323,33.8612],[-78.1113,33.8885],[-78.0791,33.9021],[-78.0778,33.903],[-78.0875,33.9051],[-78.1063,33.9084],[-78.1055,33.9111],[-78.1058,33.9134],[-78.1096,33.9144],[-78.1165,33.9155],[-78.1185,33.918],[-78.1204,33.918],[-78.124,33.9166],[-78.1257,33.9172],[-78.1275,33.9193],[-78.1293,33.9187],[-78.1339,33.9218],[-78.1395,33.9228],[-78.1411,33.9219],[-78.1469,33.9222],[-78.1483,33.9215],[-78.151,33.922],[-78.1524,33.9245],[-78.1555,33.9262],[-78.1549,33.9297],[-78.1535,33.9305],[-78.1503,33.9357],[-78.1476,33.9365],[-78.149,33.9392],[-78.1494,33.9422],[-78.1483,33.9432],[-78.1411,33.9451],[-78.1478,33.9504],[-78.1461,33.954],[-78.1431,33.955],[-78.1345,33.954],[-78.1296,33.9544],[-78.1239,33.9539],[-78.1201,33.9526],[-78.1175,33.9545],[-78.1169,33.9566],[-78.1219,33.9595],[-78.1199,33.9607],[-78.117,33.9604],[-78.1151,33.9614],[-78.1132,33.9607],[-78.1077,33.9631],[-78.1071,33.9652],[-78.1081,33.9673],[-78.1066,33.9708],[-78.1076,33.9733],[-78.1047,33.9747],[-78.0987,33.9753],[-78.0982,33.9766],[-78.0995,33.9791],[-78.1019,33.9802],[-78.1022,33.9828],[-78.1005,33.9869],[-78.1001,33.9919],[-78.0983,33.994],[-78.0956,33.9957],[-78.0951,33.9992],[-78.0934,34.0006],[-78.0933,34.0024],[-78.0955,34.0063],[-78.0976,34.0115],[-78.1067,34.0136],[-78.1083,34.0155],[-78.1082,34.02],[-78.1065,34.0246],[-78.1076,34.0269],[-78.1056,34.0295],[-78.0953,34.0366],[-78.0964,34.0435],[-78.0981,34.0487],[-78.1025,34.0537],[-78.1054,34.0553],[-78.1093,34.0551],[-78.1121,34.056],[-78.1171,34.0608],[-78.1178,34.0672],[-78.12,34.0701],[-78.13,34.0739],[-78.1304,34.0758],[-78.1354,34.0773],[-78.1343,34.0808],[-78.1376,34.0823],[-78.1383,34.085],[-78.1423,34.0857],[-78.1467,34.0834],[-78.1536,34.0812],[-78.156,34.0822],[-78.1588,34.0843],[-78.1582,34.0856],[-78.1588,34.0913],[-78.1583,34.093],[-78.1625,34.0962],[-78.1651,34.0943],[-78.1655,34.0913],[-78.1643,34.0893],[-78.1669,34.0887],[-78.1677,34.0897],[-78.1711,34.0907],[-78.173,34.0905],[-78.1737,34.0887],[-78.1784,34.0905],[-78.1797,34.0894],[-78.1793,34.087],[-78.1807,34.0859],[-78.1847,34.0868],[-78.1864,34.0885],[-78.1866,34.0901],[-78.1915,34.0907],[-78.1934,34.0944],[-78.1929,34.097],[-78.1951,34.0988],[-78.1962,34.1014],[-78.1986,34.1032],[-78.2012,34.1039],[-78.2031,34.1063],[-78.2007,34.1091],[-78.2032,34.112],[-78.2041,34.115],[-78.2101,34.1217],[-78.2128,34.1259],[-78.2179,34.128],[-78.2293,34.1286],[-78.2351,34.1296],[-78.2399,34.1316],[-78.245,34.1363],[-78.2465,34.1406],[-78.2488,34.1506],[-78.2489,34.1591],[-78.2491,34.1624],[-78.2491,34.1725],[-78.2495,34.1777],[-78.2493,34.1889],[-78.2482,34.1936],[-78.2462,34.1976],[-78.2424,34.2022],[-78.243,34.2044],[-78.2504,34.2034],[-78.2568,34.2016],[-78.2594,34.2015],[-78.2658,34.2032],[-78.2713,34.2038],[-78.2828,34.202],[-78.286,34.2012],[-78.2926,34.2013],[-78.296,34.203],[-78.3009,34.206],[-78.3032,34.2068],[-78.3191,34.2138],[-78.3245,34.2168],[-78.3299,34.2204],[-78.3325,34.2217],[-78.3492,34.2276],[-78.3539,34.2297],[-78.3628,34.2347],[-78.3638,34.2361],[-78.3642,34.2395],[-78.3665,34.2438],[-78.3663,34.2459],[-78.3637,34.2499],[-78.363,34.2568],[-78.361,34.259],[-78.3557,34.2609],[-78.3546,34.2632],[-78.3549,34.2668],[-78.3548,34.273],[-78.3555,34.2794],[-78.3554,34.2861],[-78.3544,34.2899],[-78.3546,34.296],[-78.353,34.3057],[-78.3528,34.3118],[-78.3533,34.316],[-78.3548,34.3181],[-78.3575,34.3188],[-78.363,34.3188],[-78.375,34.3192],[-78.3798,34.3222],[-78.3834,34.3218],[-78.3828,34.3253],[-78.3835,34.3281],[-78.3886,34.3333],[-78.3892,34.3348],[-78.3882,34.3367],[-78.3792,34.3425],[-78.3747,34.3462],[-78.3719,34.3508],[-78.3682,34.3553],[-78.3678,34.3572],[-78.3718,34.3614],[-78.373,34.3639],[-78.3733,34.3693],[-78.3719,34.3732],[-78.3633,34.3822],[-78.3851,34.3904],[-78.3924,34.3934],[-78.3994,34.3956],[-78.4141,34.4012],[-78.417,34.4019],[-78.4284,34.406],[-78.4351,34.4092],[-78.4328,34.4155],[-78.4344,34.4199],[-78.4352,34.4205],[-78.4482,34.4254],[-78.4604,34.4286],[-78.4614,34.4293],[-78.4644,34.434],[-78.4656,34.4382],[-78.4655,34.44],[-78.4632,34.443],[-78.4632,34.4459],[-78.464,34.4477],[-78.4665,34.4499],[-78.4703,34.4518],[-78.4723,34.4535],[-78.4741,34.4563],[-78.476,34.4575],[-78.4785,34.4575],[-78.4815,34.4587],[-78.4789,34.4608],[-78.4761,34.4614],[-78.4744,34.4627],[-78.4726,34.4672],[-78.4729,34.4697],[-78.4818,34.4729],[-78.4839,34.4729],[-78.4889,34.4764],[-78.4919,34.4809],[-78.4932,34.4844],[-78.4912,34.4874],[-78.4818,34.49],[-78.477,34.4909],[-78.4747,34.4938],[-78.4684,34.4952],[-78.4675,34.4966],[-78.4702,34.4979],[-78.4738,34.4967],[-78.476,34.498],[-78.4779,34.5003],[-78.4786,34.5046],[-78.4795,34.507],[-78.4829,34.5127],[-78.4832,34.517],[-78.4839,34.518],[-78.4875,34.5177],[-78.4935,34.5142],[-78.4976,34.5137],[-78.5009,34.515],[-78.5032,34.5172],[-78.5037,34.52],[-78.5027,34.5223],[-78.5065,34.5232],[-78.512,34.5259],[-78.5133,34.5282],[-78.5159,34.5298],[-78.5219,34.5306],[-78.5249,34.5303],[-78.5246,34.5324],[-78.5282,34.5319],[-78.5321,34.5302],[-78.535,34.5276],[-78.5374,34.5272],[-78.5419,34.5279],[-78.5479,34.5275],[-78.5513,34.5281],[-78.5576,34.5309],[-78.5651,34.5322],[-78.5697,34.5344],[-78.5746,34.5378],[-78.5783,34.5387],[-78.5797,34.5409],[-78.583,34.5442],[-78.5866,34.5498],[-78.5861,34.5536],[-78.5873,34.5555],[-78.5868,34.5572],[-78.5823,34.5582],[-78.581,34.5611],[-78.5825,34.5636],[-78.5849,34.565],[-78.5872,34.5648],[-78.5944,34.5625],[-78.5994,34.5602],[-78.6072,34.5551],[-78.6096,34.5556],[-78.6119,34.5573],[-78.6139,34.5619],[-78.6203,34.5626],[-78.6238,34.5664],[-78.6258,34.5674],[-78.6283,34.567],[-78.6296,34.5658],[-78.6368,34.5664],[-78.6368,34.5676],[-78.6329,34.5735],[-78.6341,34.5765],[-78.6382,34.5793],[-78.6414,34.583],[-78.6448,34.5835],[-78.6496,34.5814],[-78.6516,34.5811],[-78.6559,34.5817],[-78.6584,34.5796],[-78.6596,34.5799],[-78.6611,34.5836],[-78.6611,34.5858],[-78.662,34.5896],[-78.6641,34.5924],[-78.6654,34.596],[-78.6693,34.5994],[-78.6724,34.6042],[-78.6753,34.607],[-78.6784,34.6108],[-78.6805,34.6121],[-78.6895,34.6149],[-78.6976,34.6149],[-78.701,34.6171],[-78.701,34.6202],[-78.6981,34.6229],[-78.688,34.6251],[-78.688,34.6267],[-78.6927,34.631],[-78.693,34.6323],[-78.6965,34.6347],[-78.6985,34.6379],[-78.7006,34.6402],[-78.7025,34.6453],[-78.7088,34.6451],[-78.7107,34.6462],[-78.7157,34.6476],[-78.719,34.6479],[-78.7223,34.649],[-78.7236,34.6507],[-78.7273,34.6532],[-78.728,34.6544],[-78.7325,34.6567],[-78.7347,34.662],[-78.7377,34.6634],[-78.7416,34.6668],[-78.7413,34.668],[-78.7378,34.6699],[-78.7372,34.6729],[-78.7346,34.6748],[-78.7322,34.6741],[-78.7298,34.6726],[-78.7286,34.6738],[-78.7257,34.6743],[-78.7252,34.6774],[-78.7216,34.6779],[-78.7218,34.6809],[-78.7179,34.6823],[-78.7154,34.6813],[-78.7149,34.6787],[-78.7124,34.6796],[-78.7115,34.682],[-78.7063,34.681],[-78.7021,34.6856],[-78.7017,34.6874],[-78.7041,34.6898],[-78.7093,34.6919],[-78.7143,34.6927],[-78.7169,34.6945],[-78.7238,34.697],[-78.7263,34.7003],[-78.7291,34.7021],[-78.7347,34.7015],[-78.7374,34.7023],[-78.7401,34.704],[-78.7472,34.7114],[-78.7483,34.7131],[-78.7485,34.7159],[-78.7495,34.7169],[-78.7522,34.7162],[-78.7576,34.7212],[-78.7602,34.7222],[-78.7673,34.7236],[-78.7715,34.7267],[-78.7781,34.7294],[-78.7859,34.7315],[-78.7914,34.7317],[-78.7982,34.7377],[-78.8019,34.7414],[-78.8034,34.7484],[-78.8034,34.752],[-78.8052,34.7541],[-78.803,34.7566],[-78.8044,34.7624],[-78.8044,34.764],[-78.8061,34.7663],[-78.8103,34.7674],[-78.8095,34.7704],[-78.8104,34.7737],[-78.8112,34.7816],[-78.8158,34.7924],[-78.821,34.7974],[-78.8244,34.7993],[-78.8361,34.7997],[-78.8425,34.7991],[-78.8463,34.7996],[-78.8505,34.7993],[-78.8538,34.7999],[-78.8559,34.7984],[-78.8604,34.7994],[-78.8614,34.7964],[-78.8653,34.7968],[-78.8705,34.7997],[-78.8748,34.8088],[-78.8804,34.8144],[-78.8804,34.8156],[-78.8828,34.8184],[-78.8876,34.8229],[-78.8891,34.8259],[-78.8896,34.8282],[-78.8858,34.8369],[-78.8857,34.8391],[-78.8882,34.8411],[-78.8931,34.8466],[-78.8954,34.8502],[-78.9005,34.853],[-78.9025,34.8552],[-78.9038,34.8606],[-78.9049,34.8633],[-78.9044,34.8673],[-78.9047,34.8705],[-78.9038,34.8716],[-78.8994,34.8736],[-78.8965,34.8744],[-78.8937,34.8763],[-78.8925,34.8786],[-78.892,34.8845],[-78.8909,34.886],[-78.8936,34.8894],[-78.8969,34.8956],[-78.9019,34.8997],[-78.9019,34.9019],[-78.9066,34.912],[-78.9081,34.9141],[-78.913,34.9191],[-78.9171,34.9221],[-78.922,34.9247],[-78.9313,34.9273],[-78.9341,34.9293],[-78.937,34.9295],[-78.9418,34.9271],[-78.9462,34.9256],[-78.9522,34.9253],[-78.9578,34.9264],[-78.9647,34.9283],[-78.9678,34.9297],[-78.9713,34.9341],[-78.9736,34.9359],[-78.975,34.9354],[-78.9852,34.9364],[-78.9931,34.9398],[-78.9957,34.9416],[-78.9991,34.9477],[-79.0004,34.9481],[-79.0038,34.9466],[-79.0082,34.9457],[-79.0105,34.943],[-79.0085,34.9405],[-79.0083,34.9381],[-79.0114,34.9365],[-79.0165,34.938],[-79.02,34.94],[-79.0219,34.9398],[-79.0233,34.9378],[-79.0306,34.9342],[-79.0322,34.9323],[-79.0323,34.9287],[-79.0304,34.9262],[-79.0317,34.9255],[-79.0343,34.9264],[-79.0363,34.9229],[-79.0355,34.922],[-79.0358,34.9188],[-79.0373,34.917],[-79.0403,34.9152],[-79.0421,34.9148],[-79.0454,34.9122],[-79.0498,34.914],[-79.0519,34.9144],[-79.0555,34.9175],[-79.0566,34.9197],[-79.0596,34.9222],[-79.0604,34.9188],[-79.0629,34.9161],[-79.0681,34.917],[-79.0769,34.9207],[-79.0801,34.9208],[-79.084,34.9198],[-79.0862,34.9208],[-79.0902,34.921],[-79.0965,34.9235],[-79.1001,34.9274],[-79.0987,34.9291],[-79.0981,34.9328],[-79.1015,34.9332],[-79.105,34.9349],[-79.1086,34.9396],[-79.1095,34.9434],[-79.1126,34.9437],[-79.1157,34.9418],[-79.1165,34.9443],[-79.1191,34.9457],[-79.1201,34.9474],[-79.1193,34.949],[-79.1217,34.952],[-79.1237,34.9519],[-79.1256,34.9548],[-79.1288,34.9569],[-79.1318,34.9579],[-79.1342,34.9578],[-79.1358,34.9549],[-79.1387,34.9544],[-79.143,34.9527],[-79.1454,34.9511],[-79.149,34.9508],[-79.1522,34.9513],[-79.1553,34.953],[-79.1578,34.9574],[-79.1602,34.9585],[-79.1672,34.9584],[-79.1685,34.9603],[-79.1719,34.963],[-79.1746,34.9644],[-79.1782,34.9651],[-79.1797,34.9628],[-79.1847,34.96],[-79.1867,34.9604],[-79.1914,34.9587],[-79.1923,34.9555],[-79.1977,34.9574],[-79.2021,34.9578],[-79.2064,34.9572],[-79.2111,34.9594],[-79.2143,34.9627],[-79.219,34.964],[-79.2214,34.9634],[-79.2207,34.9601],[-79.225,34.9611],[-79.2256,34.9626],[-79.2288,34.9664],[-79.2292,34.9691],[-79.2328,34.971],[-79.2338,34.9732],[-79.2317,34.9754],[-79.2363,34.9781],[-79.2364,34.9802],[-79.2381,34.9857],[-79.2412,34.9893],[-79.2476,34.9885],[-79.2498,34.991],[-79.256,34.9888],[-79.2615,34.9892],[-79.2646,34.9904],[-79.2662,34.9921],[-79.273,34.9949],[-79.274,34.9969],[-79.2758,34.998],[-79.2765,35.0002],[-79.2784,35.002],[-79.2837,35.0037],[-79.2886,35.0042],[-79.2927,35.005],[-79.296,35.0045],[-79.3005,35.0053],[-79.3052,35.0072],[-79.3105,35.0077],[-79.315,35.0093],[-79.3208,35.0105],[-79.3233,35.0119],[-79.3238,35.0131],[-79.3202,35.0143],[-79.3176,35.0164],[-79.3134,35.0163],[-79.3116,35.0174],[-79.3105,35.0241],[-79.3122,35.0295],[-79.3148,35.0303],[-79.3165,35.0322],[-79.3224,35.0339],[-79.3248,35.0334],[-79.3271,35.0344],[-79.3307,35.0375],[-79.3324,35.0378],[-79.3313,35.0421],[-79.3324,35.0443],[-79.3312,35.0482],[-79.336,35.0476],[-79.3392,35.0489],[-79.3399,35.0535],[-79.3431,35.0577],[-79.3455,35.0591],[-79.3475,35.0623],[-79.3516,35.0659],[-79.3518,35.0697],[-79.3498,35.0703],[-79.3493,35.072],[-79.3526,35.0745],[-79.3532,35.0781],[-79.3554,35.0778],[-79.3562,35.0838],[-79.3586,35.0874],[-79.3627,35.0906],[-79.3635,35.0926],[-79.3609,35.0947],[-79.3609,35.0958],[-79.3645,35.1007],[-79.3636,35.1035],[-79.368,35.1063],[-79.3695,35.1091],[-79.3734,35.1121],[-79.3719,35.1143],[-79.3726,35.1158],[-79.375,35.116],[-79.3773,35.1176],[-79.3777,35.119],[-79.3824,35.1238],[-79.3845,35.125],[-79.3853,35.1279],[-79.3889,35.13],[-79.3919,35.1303],[-79.3942,35.1317],[-79.3959,35.1348],[-79.3952,35.1357],[-79.3916,35.1355],[-79.3898,35.1393],[-79.3867,35.1417],[-79.3833,35.1428],[-79.3814,35.1453],[-79.3827,35.1463],[-79.3844,35.1498],[-79.385,35.1538],[-79.3867,35.1578],[-79.3835,35.1619],[-79.3837,35.1652],[-79.3826,35.1662],[-79.3831,35.1682],[-79.3864,35.1685],[-79.3957,35.1685],[-79.4018,35.1704],[-79.4045,35.1693],[-79.4076,35.1688],[-79.4105,35.1707],[-79.4067,35.1797],[-79.4032,35.1819],[-79.4018,35.1849],[-79.4031,35.187],[-79.4048,35.1919],[-79.4034,35.1951],[-79.4058,35.1978],[-79.4081,35.1976],[-79.4104,35.1995],[-79.4145,35.1993],[-79.4176,35.2006],[-79.4193,35.1978],[-79.4234,35.1974],[-79.4246,35.2005],[-79.4263,35.202],[-79.4266,35.2067],[-79.4302,35.2082],[-79.4331,35.2081],[-79.4353,35.2044],[-79.4409,35.2044],[-79.4443,35.2052],[-79.4485,35.2042],[-79.4518,35.2044],[-79.4588,35.2027],[-79.4636,35.1993],[-79.4653,35.197],[-79.4683,35.195],[-79.4735,35.1954],[-79.476,35.1971],[-79.4767,35.1938],[-79.4788,35.1928],[-79.4813,35.1941],[-79.4832,35.1927],[-79.4858,35.1921],[-79.4922,35.194],[-79.4969,35.1918],[-79.5009,35.1911],[-79.505,35.195],[-79.5054,35.1981],[-79.5037,35.1998],[-79.5037,35.2024],[-79.5073,35.2038],[-79.5116,35.2041],[-79.5145,35.2057],[-79.5184,35.2117],[-79.523,35.2157],[-79.5272,35.2184],[-79.527,35.2209],[-79.5291,35.2236],[-79.5335,35.2253],[-79.5419,35.2272],[-79.5451,35.2263],[-79.5503,35.2258],[-79.5563,35.2265],[-79.5624,35.2278],[-79.5666,35.2306],[-79.5696,35.2305],[-79.572,35.2323],[-79.5688,35.2361],[-79.5709,35.2399],[-79.5699,35.2429],[-79.5707,35.2449],[-79.5736,35.2483],[-79.5759,35.2501],[-79.5755,35.2533],[-79.5764,35.2559],[-79.5831,35.2599],[-79.5852,35.2631],[-79.5888,35.2667],[-79.5915,35.2675],[-79.5983,35.2685],[-79.6031,35.2659],[-79.6034,35.2707],[-79.6045,35.2724],[-79.6112,35.2774],[-79.6146,35.2782],[-79.6203,35.2819],[-79.6273,35.2806],[-79.6305,35.2807],[-79.6329,35.2864],[-79.6312,35.2886],[-79.6365,35.2892],[-79.6387,35.2902],[-79.6429,35.2895],[-79.6515,35.289],[-79.6563,35.291],[-79.6579,35.2933],[-79.663,35.2986],[-79.6664,35.3009],[-79.6707,35.3013],[-79.6766,35.3038],[-79.6789,35.3029],[-79.6847,35.2994],[-79.6913,35.2968],[-79.6977,35.2976],[-79.6981,35.2999],[-79.7069,35.3027],[-79.7079,35.3055],[-79.7099,35.3054],[-79.7106,35.3029],[-79.7124,35.3022],[-79.716,35.2992],[-79.7224,35.2988],[-79.7363,35.2917],[-79.7413,35.2908],[-79.744,35.2914],[-79.7459,35.2929],[-79.7472,35.2965],[-79.7515,35.2975],[-79.7525,35.301],[-79.7551,35.3075],[-79.7569,35.3094],[-79.7611,35.3099],[-79.7612,35.3135],[-79.7627,35.3154],[-79.7622,35.3167],[-79.763,35.3197],[-79.7622,35.3226],[-79.7645,35.3297],[-79.767,35.3297],[-79.7689,35.3325],[-79.7678,35.3344],[-79.7693,35.3357],[-79.7697,35.3385],[-79.772,35.3385],[-79.7755,35.3398],[-79.7787,35.3417],[-79.78,35.3467],[-79.7815,35.3485],[-79.7825,35.3514],[-79.7802,35.3559],[-79.7797,35.3598],[-79.7814,35.3613],[-79.782,35.3631],[-79.7806,35.3652],[-79.781,35.3677],[-79.7798,35.3714],[-79.7774,35.3723],[-79.7763,35.3769],[-79.7779,35.3805],[-79.7842,35.386],[-79.7878,35.3881],[-79.7879,35.3902],[-79.7853,35.3927],[-79.7854,35.3954],[-79.784,35.3979],[-79.7838,35.4005],[-79.786,35.4046],[-79.7844,35.4079],[-79.7849,35.4093],[-79.7845,35.4128],[-79.7847,35.4167],[-79.7863,35.4168],[-79.7877,35.4198],[-79.7873,35.4213],[-79.7877,35.4259],[-79.7844,35.427],[-79.7838,35.4288],[-79.7814,35.431],[-79.7833,35.434],[-79.783,35.4373],[-79.7851,35.44],[-79.7846,35.4413],[-79.7881,35.4431],[-79.7898,35.4457],[-79.7911,35.4536],[-79.787,35.4579],[-79.7828,35.4582],[-79.7797,35.4619],[-79.7781,35.4618],[-79.7773,35.4655],[-79.7756,35.4669],[-79.7765,35.4696],[-79.7793,35.4728],[-79.7781,35.4773],[-79.7777,35.4819],[-79.7785,35.4841],[-79.7815,35.4855],[-79.7791,35.4876],[-79.7774,35.49],[-79.7721,35.4928],[-79.7744,35.4956],[-79.7765,35.4967],[-79.7776,35.4987],[-79.7767,35.5011],[-79.779,35.5061],[-79.7765,35.5075],[-79.7771,35.5103],[-79.7764,35.5124],[-79.7767,35.5161],[-79.7763,35.5175],[-79.7781,35.5184],[-79.775,35.5214],[-79.7703,35.5277],[-79.7767,35.5303],[-79.7777,35.5342],[-79.7748,35.5372],[-79.7743,35.5396],[-79.7768,35.5409],[-79.7812,35.5414],[-79.7811,35.5462],[-79.7804,35.5501],[-79.7789,35.5521],[-79.7773,35.5575],[-79.7782,35.5591],[-79.7748,35.5645],[-79.7761,35.5662],[-79.7755,35.5685],[-79.7779,35.5724],[-79.7771,35.574],[-79.7741,35.5766],[-79.7767,35.5783],[-79.7808,35.5778],[-79.7819,35.5811],[-79.7821,35.5841],[-79.7848,35.5859],[-79.7843,35.5875],[-79.7873,35.5883],[-79.791,35.5906],[-79.796,35.5902],[-79.7972,35.5915],[-79.8026,35.5944],[-79.8029,35.5956],[-79.8001,35.5989],[-79.8022,35.5994],[-79.8048,35.6014],[-79.8045,35.6037],[-79.8069,35.6048],[-79.8078,35.6078],[-79.8057,35.613],[-79.809,35.6135],[-79.8103,35.6157],[-79.8136,35.6168],[-79.8158,35.6166],[-79.8176,35.6149],[-79.8208,35.6155],[-79.8225,35.6149],[-79.8248,35.6187],[-79.8241,35.6213],[-79.8243,35.624],[-79.8258,35.6258],[-79.8244,35.6273],[-79.8237,35.631],[-79.8221,35.6331],[-79.825,35.6331],[-79.8274,35.6348],[-79.827,35.6381],[-79.8251,35.6397],[-79.8241,35.643],[-79.8257,35.6458],[-79.8226,35.6488],[-79.8214,35.6491],[-79.8206,35.6521],[-79.8217,35.6531],[-79.8246,35.6583],[-79.8243,35.6597],[-79.8267,35.6607],[-79.8251,35.6673],[-79.8237,35.6696],[-79.821,35.6697],[-79.8191,35.6732],[-79.8205,35.6758],[-79.8184,35.6772],[-79.8179,35.6796],[-79.8155,35.68],[-79.8154,35.6821],[-79.8129,35.6841],[-79.8119,35.6898],[-79.8124,35.6925],[-79.814,35.6942],[-79.8148,35.6974],[-79.8141,35.7043],[-79.8158,35.7061],[-79.8181,35.7041],[-79.8195,35.7053],[-79.8226,35.7058],[-79.8238,35.7069],[-79.8267,35.7075],[-79.8276,35.7112],[-79.8274,35.7126],[-79.8279,35.7192],[-79.8293,35.7195],[-79.8301,35.7232],[-79.8292,35.7264],[-79.8292,35.7316],[-79.828,35.7327],[-79.8272,35.7357],[-79.8245,35.7358],[-79.8225,35.7367],[-79.8222,35.7402],[-79.8207,35.7435],[-79.8223,35.7444],[-79.8196,35.7467],[-79.8172,35.7467],[-79.8169,35.7489],[-79.8177,35.7523],[-79.8151,35.7547],[-79.8182,35.7604],[-79.8191,35.763],[-79.819,35.7674],[-79.8201,35.7687],[-79.8185,35.776],[-79.8172,35.7775],[-79.8176,35.781],[-79.8159,35.7821],[-79.8151,35.7864],[-79.8162,35.7874],[-79.8164,35.7905],[-79.8131,35.7928],[-79.812,35.7944],[-79.813,35.7977],[-79.8168,35.8009],[-79.82,35.8019],[-79.8209,35.8031],[-79.8277,35.8029],[-79.829,35.804],[-79.8297,35.8069],[-79.8321,35.8075],[-79.834,35.8106],[-79.8346,35.8131],[-79.8405,35.8134],[-79.8419,35.815],[-79.8457,35.8174],[-79.8476,35.8196],[-79.8535,35.8203],[-79.8586,35.8215],[-79.8641,35.8256],[-79.8651,35.8271],[-79.8655,35.8332],[-79.8671,35.835],[-79.8724,35.8364],[-79.875,35.8382],[-79.8785,35.8382],[-79.8806,35.8389],[-79.8832,35.8368],[-79.8843,35.8384],[-79.8873,35.8384],[-79.889,35.8395],[-79.8947,35.8402],[-79.8975,35.8441],[-79.8986,35.85],[-79.9033,35.8539],[-79.9053,35.8545],[-79.9056,35.8564],[-79.9081,35.8615],[-79.9063,35.8648],[-79.9042,35.8668],[-79.9057,35.8709],[-79.908,35.8736],[-79.9109,35.8726],[-79.915,35.8747],[-79.9184,35.8792],[-79.9191,35.8814],[-79.9215,35.882],[-79.923,35.8836],[-79.9255,35.8845],[-79.9267,35.8827],[-79.9311,35.8819],[-79.9349,35.8832],[-79.9421,35.8834],[-79.9446,35.8822],[-79.9472,35.8829],[-79.9537,35.8826],[-79.9536,35.8845],[-79.956,35.886],[-79.9572,35.8855],[-79.9631,35.8871],[-79.9658,35.8869],[-79.9702,35.8886],[-79.9702,35.8913],[-79.9756,35.893],[-79.9788,35.8958],[-79.9825,35.8972],[-79.9838,35.9013],[-79.9879,35.9029],[-79.99,35.9063],[-79.9931,35.9073],[-79.9952,35.9097],[-79.9979,35.909],[-79.9989,35.9162],[-79.9999,35.9196],[-80.0064,35.9231],[-80.0115,35.9239],[-80.0144,35.9238],[-80.0162,35.9255],[-80.0213,35.9275],[-80.0229,35.9294],[-80.0229,35.9367],[-80.0247,35.938],[-80.0247,35.9394],[-80.022,35.942],[-80.0154,35.9507],[-80.015,35.9526],[-80.0129,35.9549],[-80.0118,35.9547],[-80.0068,35.9578],[-80.0091,35.9642],[-80.0107,35.9669],[-80.0146,35.9699],[-80.0174,35.9747],[-80.0246,35.9796],[-80.0251,35.9835],[-80.026,35.9843],[-80.0245,35.9877],[-80.0257,35.9894],[-80.0236,35.9922],[-80.0258,35.9927],[-80.026,35.9949],[-80.0279,35.9976],[-80.0316,35.9996],[-80.0334,35.9986],[-80.0359,36.0002],[-80.036,36.0029],[-80.0378,36.0037],[-80.0391,36.0057],[-80.0409,36.0108],[-80.0434,36.0132],[-80.0439,36.0156],[-80.0423,36.0188],[-80.0397,36.0198],[-80.0401,36.0241],[-80.0412,36.0266],[-80.0395,36.0287],[-80.0395,36.03],[-80.0417,36.0314],[-80.0427,36.0347],[-80.0447,36.0367],[-80.049,36.0373],[-80.0486,36.0405],[-80.0496,36.0419],[-80.0527,36.043],[-80.055,36.0446],[-80.0585,36.0447],[-80.0606,36.0457],[-80.0609,36.048],[-80.0636,36.0487],[-80.0671,36.0513],[-80.0671,36.0528],[-80.0651,36.0554],[-80.067,36.058],[-80.0668,36.0606],[-80.0638,36.0634],[-80.0631,36.0654],[-80.0592,36.0693],[-80.0587,36.0737],[-80.0591,36.075],[-80.0624,36.0764],[-80.0627,36.0782],[-80.0652,36.0807],[-80.0631,36.0827],[-80.0644,36.0851],[-80.0617,36.0885],[-80.0627,36.0904],[-80.0612,36.0919],[-80.0622,36.0937],[-80.0611,36.0963],[-80.0606,36.1002],[-80.0595,36.1008],[-80.0609,36.1032],[-80.0613,36.1054],[-80.0637,36.1061],[-80.0635,36.1112],[-80.0654,36.1147],[-80.066,36.1172],[-80.0682,36.119],[-80.0733,36.1254],[-80.075,36.1268],[-80.0752,36.129],[-80.0768,36.1307],[-80.0777,36.134],[-80.084,36.136],[-80.0855,36.1372],[-80.0943,36.1372],[-80.0987,36.1355],[-80.102,36.137],[-80.1021,36.1388],[-80.1039,36.1396],[-80.1089,36.1367],[-80.1182,36.1344],[-80.1271,36.1439],[-80.1278,36.1455],[-80.1278,36.1521],[-80.1303,36.1572],[-80.1332,36.1595],[-80.1326,36.1637],[-80.1336,36.1665],[-80.1349,36.1672],[-80.1373,36.165],[-80.1406,36.1673],[-80.1448,36.1682],[-80.1485,36.1682],[-80.151,36.1689],[-80.1533,36.174],[-80.1563,36.1743],[-80.1587,36.1734],[-80.1598,36.1744],[-80.1646,36.1726],[-80.169,36.1723],[-80.1736,36.1768],[-80.1733,36.1787],[-80.1754,36.1794],[-80.1761,36.1811],[-80.1781,36.1809],[-80.1797,36.1787],[-80.1828,36.1788],[-80.1848,36.1776],[-80.1881,36.1787],[-80.1918,36.1784],[-80.194,36.1792],[-80.198,36.1793],[-80.199,36.1824],[-80.2018,36.1864],[-80.204,36.1855],[-80.2083,36.185],[-80.2094,36.1862],[-80.2093,36.1883],[-80.2115,36.1895],[-80.2135,36.189],[-80.2148,36.1908],[-80.2175,36.1918],[-80.2202,36.1902],[-80.222,36.1905],[-80.2274,36.1898],[-80.2311,36.1904],[-80.2338,36.192],[-80.2372,36.1927],[-80.2407,36.1918],[-80.2447,36.1902],[-80.2513,36.195],[-80.2546,36.1955],[-80.2586,36.1937],[-80.2608,36.1957],[-80.2633,36.1968],[-80.2657,36.199],[-80.2695,36.2014],[-80.2728,36.2002],[-80.2762,36.2008],[-80.2793,36.1995],[-80.2817,36.2028],[-80.2815,36.207],[-80.2829,36.2091],[-80.2831,36.2146],[-80.2849,36.2158],[-80.2861,36.2184],[-80.2839,36.2231],[-80.2868,36.2241],[-80.2883,36.2259],[-80.288,36.2286],[-80.2898,36.231],[-80.2911,36.2344],[-80.2888,36.2362],[-80.2941,36.2423],[-80.2994,36.2453],[-80.303,36.2479],[-80.3052,36.2487],[-80.3081,36.251],[-80.3101,36.2516],[-80.3106,36.2538],[-80.3095,36.2561],[-80.3111,36.2605],[-80.3092,36.2633],[-80.3095,36.2681],[-80.314,36.2709],[-80.3128,36.2733],[-80.3143,36.275],[-80.3183,36.2776],[-80.3212,36.2803],[-80.3208,36.2818],[-80.3218,36.285],[-80.3204,36.2861],[-80.3195,36.2907],[-80.3206,36.2938],[-80.3256,36.295],[-80.3275,36.2981],[-80.3295,36.3002],[-80.328,36.3008],[-80.3322,36.3053],[-80.333,36.309],[-80.3324,36.3103],[-80.3347,36.3143],[-80.3327,36.3164],[-80.3333,36.3194],[-80.335,36.3213],[-80.3349,36.3232],[-80.3365,36.3249],[-80.3358,36.3283],[-80.3366,36.3311],[-80.3347,36.3316],[-80.3339,36.3334],[-80.3317,36.3337],[-80.3317,36.3354],[-80.3295,36.3375],[-80.3315,36.3421],[-80.3309,36.3483],[-80.3298,36.3503],[-80.3313,36.3517],[-80.3284,36.3544],[-80.3278,36.3562],[-80.3239,36.3594],[-80.3152,36.3621],[-80.3135,36.3671],[-80.3138,36.3686],[-80.312,36.3718],[-80.3126,36.375],[-80.3118,36.3755],[-80.3115,36.3793],[-80.3103,36.3816],[-80.3074,36.3823],[-80.3038,36.3851],[-80.3026,36.3867],[-80.305,36.3881],[-80.3091,36.3886],[-80.3139,36.3865],[-80.3173,36.3872],[-80.3197,36.3888],[-80.326,36.3863],[-80.3274,36.3843],[-80.3317,36.3825],[-80.3365,36.3815],[-80.3385,36.3796],[-80.3451,36.3776],[-80.3479,36.3775],[-80.3478,36.379],[-80.3505,36.3817],[-80.3658,36.3771],[-80.3686,36.3766],[-80.3721,36.3749],[-80.3751,36.3748],[-80.3786,36.3765],[-80.378,36.3805],[-80.3798,36.3835],[-80.3828,36.3866],[-80.3842,36.387],[-80.3899,36.3869],[-80.3926,36.3873],[-80.3947,36.3891],[-80.3944,36.3916],[-80.3969,36.3955],[-80.4003,36.3976],[-80.3979,36.401],[-80.3968,36.4038],[-80.3976,36.4058],[-80.3964,36.4082],[-80.3997,36.4122],[-80.4017,36.4126],[-80.4035,36.4116],[-80.4076,36.4108],[-80.4108,36.4093],[-80.4129,36.4098],[-80.4159,36.413],[-80.4186,36.4139],[-80.4191,36.4159],[-80.4165,36.42],[-80.4182,36.4238],[-80.4205,36.425],[-80.4201,36.4264],[-80.4215,36.4289],[-80.4253,36.432],[-80.4256,36.4356],[-80.4244,36.4382],[-80.4247,36.4415],[-80.4294,36.4425],[-80.4336,36.4442],[-80.4373,36.4431],[-80.4399,36.4451],[-80.4392,36.4469],[-80.4401,36.4498],[-80.4432,36.4535],[-80.4397,36.4583],[-80.4418,36.4602],[-80.442,36.4621],[-80.4438,36.4654],[-80.4463,36.468],[-80.4482,36.4735],[-80.4465,36.4749],[-80.4475,36.4775],[-80.4496,36.4784],[-80.4517,36.4814],[-80.4515,36.4837],[-80.4545,36.4858],[-80.4553,36.4892],[-80.4575,36.4933],[-80.4592,36.4945],[-80.4646,36.4971],[-80.4645,36.4987],[-80.4702,36.4994],[-80.4767,36.498],[-80.4798,36.5027],[-80.482,36.503],[-80.4847,36.5044],[-80.4868,36.504],[-80.4956,36.5055],[-80.498,36.5067],[-80.4987,36.5081],[-80.5019,36.5107],[-80.5051,36.5113],[-80.5116,36.5149],[-80.514,36.5186],[-80.5122,36.5209],[-80.5121,36.5236],[-80.5084,36.5278],[-80.5131,36.5331],[-80.5126,36.536],[-80.5139,36.5402],[-80.5136,36.5423],[-80.5183,36.546],[-80.5168,36.5489],[-80.5132,36.5512],[-80.5115,36.5539],[-80.5063,36.5564],[-80.5025,36.5565],[-80.502,36.5592],[-80.4986,36.5609],[-80.4977,36.5638],[-80.4959,36.5647],[-80.4961,36.5672],[-80.4944,36.5693],[-80.4924,36.5694],[-80.4888,36.5722],[-80.4911,36.5745],[-80.4888,36.5765],[-80.4887,36.5784],[-80.4847,36.579],[-80.4821,36.5809],[-80.4773,36.5833],[-80.4755,36.5855],[-80.4751,36.5874],[-80.4773,36.5898],[-80.4749,36.592],[-80.4733,36.5953],[-80.4736,36.5978],[-80.4722,36.5989],[-80.4745,36.6008],[-80.4759,36.6052],[-80.4749,36.6064],[-80.4762,36.6081],[-80.4773,36.6127],[-80.4766,36.614],[-80.4789,36.6162],[-80.4848,36.6195],[-80.4868,36.6214],[-80.4852,36.6237],[-80.482,36.6255],[-80.4802,36.6274],[-80.4771,36.6287],[-80.4762,36.6305],[-80.4771,36.6339],[-80.4766,36.6361],[-80.4737,36.6386],[-80.4718,36.6376],[-80.468,36.6417],[-80.4675,36.6439],[-80.4694,36.6473],[-80.4704,36.6512],[-80.4681,36.6538],[-80.4703,36.6567],[-80.4727,36.6565],[-80.4731,36.6587],[-80.4721,36.6619],[-80.4705,36.6628],[-80.4725,36.668],[-80.4735,36.6685],[-80.4786,36.6675],[-80.4806,36.6649],[-80.4841,36.6661],[-80.4868,36.6658],[-80.4866,36.6632],[-80.4893,36.6619],[-80.4888,36.6603],[-80.4897,36.6577],[-80.4884,36.6555],[-80.4882,36.6529],[-80.4905,36.6524],[-80.4954,36.6542],[-80.4991,36.655],[-80.5022,36.6568],[-80.5049,36.6546],[-80.5052,36.6528],[-80.5107,36.6514],[-80.5139,36.6488],[-80.5165,36.6499],[-80.5188,36.6476],[-80.5265,36.6446],[-80.5278,36.6456],[-80.5305,36.6455],[-80.5322,36.6439],[-80.5372,36.6414],[-80.5404,36.6413],[-80.5443,36.6428],[-80.5478,36.6435],[-80.5501,36.643],[-80.551,36.6442],[-80.5494,36.6471],[-80.5499,36.6487],[-80.552,36.6498],[-80.5523,36.652],[-80.5555,36.6531],[-80.5586,36.6515],[-80.5626,36.6518],[-80.565,36.6526],[-80.5643,36.655],[-80.5682,36.657],[-80.5701,36.6567],[-80.5735,36.6582],[-80.5764,36.6615],[-80.5796,36.6627],[-80.5821,36.6628],[-80.5828,36.6599],[-80.5855,36.6563],[-80.5895,36.6589],[-80.5937,36.6609],[-80.5964,36.6603],[-80.598,36.6616],[-80.6028,36.6627],[-80.6056,36.6626],[-80.6077,36.6657],[-80.6101,36.6676],[-80.6117,36.6673],[-80.6165,36.6713],[-80.6169,36.6739],[-80.6205,36.6717],[-80.6244,36.6713],[-80.6285,36.6673],[-80.6307,36.6683],[-80.6326,36.6703],[-80.6364,36.6695],[-80.6407,36.6708],[-80.644,36.6706],[-80.6449,36.6686],[-80.6469,36.6676],[-80.6536,36.6674],[-80.6563,36.6699],[-80.6596,36.67],[-80.6627,36.6682],[-80.666,36.667],[-80.6706,36.6689],[-80.6727,36.6703],[-80.6766,36.6695],[-80.679,36.6673],[-80.6856,36.6699],[-80.6868,36.669],[-80.6872,36.6662],[-80.6912,36.6662],[-80.6938,36.6654],[-80.6944,36.6623],[-80.6966,36.6613],[-80.6981,36.6573],[-80.7035,36.6496],[-80.707,36.6511],[-80.7103,36.6513],[-80.7112,36.6492],[-80.7131,36.65],[-80.7163,36.6491],[-80.7194,36.6495],[-80.7249,36.6475],[-80.7273,36.6453],[-80.7283,36.6399],[-80.7336,36.6351],[-80.7368,36.6334],[-80.7408,36.6319],[-80.7442,36.6297],[-80.7461,36.627],[-80.7506,36.6257],[-80.7513,36.6243],[-80.7564,36.6234],[-80.7598,36.6253],[-80.7629,36.6245],[-80.7666,36.6219],[-80.7665,36.6199],[-80.768,36.6172],[-80.7727,36.6173],[-80.7754,36.6191],[-80.7795,36.6148],[-80.7793,36.6124],[-80.7806,36.6107],[-80.7804,36.6085],[-80.7834,36.6068],[-80.7952,36.6055],[-80.7979,36.6058],[-80.7996,36.6069],[-80.8039,36.6078],[-80.8074,36.6072],[-80.8098,36.6079],[-80.8123,36.6076],[-80.8144,36.6086],[-80.8145,36.6121],[-80.8168,36.6129],[-80.8171,36.6145],[-80.8199,36.6154],[-80.8208,36.6185],[-80.8236,36.6207],[-80.8248,36.6232],[-80.8272,36.6215],[-80.8263,36.6206],[-80.8226,36.6128],[-80.8247,36.6099],[-80.8236,36.6086],[-80.8243,36.6049],[-80.829,36.6025],[-80.8278,36.5997],[-80.827,36.5951],[-80.8229,36.5908],[-80.8214,36.5903],[-80.8224,36.5853],[-80.8224,36.5822],[-80.8255,36.582],[-80.8263,36.5804],[-80.8257,36.5771],[-80.8215,36.5745],[-80.8194,36.5689],[-80.8218,36.5642],[-80.8235,36.5594],[-80.8292,36.5577],[-80.8328,36.5555],[-80.8354,36.5589],[-80.8405,36.5592],[-80.8433,36.5635],[-80.8487,36.5636],[-80.8514,36.563],[-80.8543,36.5643],[-80.8572,36.5645],[-80.8585,36.5666],[-80.8635,36.5703],[-80.8654,36.5702],[-80.8683,36.5725],[-80.8768,36.5719],[-80.8794,36.5684],[-80.8833,36.5692],[-80.8858,36.5667],[-80.886,36.5628],[-80.891,36.5605],[-80.8951,36.5624],[-80.8979,36.5664],[-80.9005,36.5659],[-80.8999,36.5642],[-80.9022,36.5623],[-80.9025,36.5601],[-80.9044,36.5595],[-80.9083,36.5568],[-80.9073,36.5542],[-80.9091,36.5508],[-80.912,36.5523],[-80.9141,36.5517],[-80.9144,36.5502],[-80.9176,36.5488],[-80.9186,36.5464],[-80.9171,36.5444],[-80.9192,36.5409],[-80.9246,36.5388],[-80.9272,36.5387],[-80.9306,36.5399],[-80.933,36.5386],[-80.9316,36.5366],[-80.9321,36.5343],[-80.9338,36.5339],[-80.9335,36.5288],[-80.936,36.5278],[-80.9414,36.5295],[-80.9453,36.5287],[-80.9468,36.5276],[-80.9432,36.5223],[-80.9413,36.5212],[-80.9405,36.5184],[-80.9409,36.5164],[-80.9391,36.5153],[-80.9386,36.5135],[-80.9384,36.5075],[-80.9373,36.5053],[-80.9378,36.5028],[-80.935,36.4999],[-80.9352,36.4971],[-80.9408,36.4973],[-80.9436,36.4969],[-80.944,36.4948],[-80.9471,36.4918],[-80.9474,36.4896],[-80.9509,36.4866],[-80.955,36.4862],[-80.9588,36.4834],[-80.9591,36.4819],[-80.9615,36.4807],[-80.9651,36.4767],[-80.9706,36.4722],[-80.969,36.4698],[-80.9694,36.4676],[-80.9717,36.4623],[-80.9685,36.46],[-80.9711,36.4584],[-80.971,36.4555],[-80.9752,36.4534],[-80.9788,36.4492],[-80.985,36.4411],[-80.9864,36.44],[-80.9888,36.4356],[-80.9865,36.4337],[-80.9899,36.4327],[-80.9937,36.4308],[-80.9997,36.4305],[-80.9996,36.4268],[-81.0021,36.425],[-81.0034,36.4218],[-81.0006,36.4212],[-80.9996,36.4178],[-80.996,36.4161],[-80.9923,36.4177],[-80.9904,36.417],[-80.99,36.4145],[-80.9875,36.4148],[-80.9871,36.4132],[-80.9844,36.4125],[-80.979,36.4135],[-80.977,36.4157],[-80.9732,36.4154],[-80.9705,36.4168],[-80.9692,36.4166],[-80.9674,36.4144],[-80.9654,36.4144],[-80.9681,36.4106],[-80.9697,36.4067],[-80.9681,36.4027],[-80.9709,36.3995],[-80.975,36.4002],[-80.9789,36.3983],[-80.9787,36.397],[-80.9807,36.3948],[-80.9805,36.3921],[-80.9835,36.3913],[-80.9862,36.3967],[-80.9907,36.3966],[-80.9948,36.3989],[-81.0007,36.4007],[-81.003,36.4026],[-81.0038,36.4054],[-81.0059,36.4086],[-81.0101,36.4095],[-81.0127,36.4091],[-81.0145,36.408],[-81.0189,36.4072],[-81.0242,36.4108],[-81.0234,36.4141],[-81.0216,36.4174],[-81.0238,36.4195],[-81.0267,36.4209],[-81.0286,36.421],[-81.0339,36.4196],[-81.0378,36.4233],[-81.0395,36.4217],[-81.0463,36.4256],[-81.0483,36.4249],[-81.05,36.4223],[-81.0534,36.4248],[-81.0551,36.425],[-81.0591,36.4327],[-81.0627,36.435],[-81.0628,36.4363],[-81.0667,36.4378],[-81.0678,36.4413],[-81.067,36.4473],[-81.071,36.4474],[-81.0775,36.4445],[-81.0803,36.4417],[-81.0816,36.4415],[-81.0877,36.4424],[-81.0912,36.4414],[-81.0962,36.4406],[-81.099,36.4368],[-81.0986,36.4342],[-81.1051,36.4343],[-81.1095,36.4318],[-81.1136,36.4321],[-81.1201,36.4294],[-81.1221,36.4297],[-81.1243,36.4282],[-81.1299,36.4287],[-81.1346,36.4237],[-81.1398,36.4222],[-81.1422,36.419],[-81.1442,36.4186],[-81.1481,36.419],[-81.1469,36.4219],[-81.1473,36.4235],[-81.1534,36.4274],[-81.1559,36.4295],[-81.1592,36.4294],[-81.1618,36.4323],[-81.1642,36.4325],[-81.1693,36.4354],[-81.1725,36.4351],[-81.1778,36.4334],[-81.1785,36.4313],[-81.1814,36.4298],[-81.1812,36.4241],[-81.1832,36.4225],[-81.1851,36.42],[-81.1908,36.4212],[-81.1925,36.4204],[-81.1944,36.4152],[-81.1963,36.4148],[-81.1954,36.4099],[-81.1967,36.4066],[-81.1986,36.4046],[-81.1979,36.3992],[-81.2013,36.3963],[-81.2015,36.3943],[-81.2002,36.3919],[-81.201,36.39],[-81.2043,36.389],[-81.2072,36.3872],[-81.212,36.3864],[-81.2148,36.3848],[-81.2176,36.3845],[-81.2194,36.3832],[-81.2213,36.3772],[-81.2275,36.3762],[-81.2289,36.3752],[-81.2323,36.3749],[-81.2378,36.3705],[-81.2385,36.3684],[-81.2414,36.368],[-81.2434,36.3659],[-81.2488,36.3675],[-81.2541,36.3663],[-81.2577,36.3639],[-81.2603,36.3639],[-81.2622,36.3655],[-81.2679,36.3629],[-81.2716,36.3642],[-81.2765,36.3631],[-81.2803,36.3635],[-81.2864,36.3688],[-81.2904,36.3682],[-81.2923,36.3672],[-81.2944,36.3682],[-81.2971,36.3679],[-81.2984,36.3688],[-81.3053,36.367],[-81.3088,36.3675],[-81.3157,36.371],[-81.3184,36.371],[-81.3201,36.3737],[-81.3194,36.3751],[-81.32,36.379],[-81.3243,36.3779],[-81.3277,36.3753],[-81.3327,36.3738],[-81.3351,36.3735],[-81.339,36.3703],[-81.3434,36.3692],[-81.3482,36.3693],[-81.3502,36.3673],[-81.3554,36.3689],[-81.3588,36.3678],[-81.3609,36.3656],[-81.3637,36.364],[-81.362,36.3622],[-81.3625,36.3611],[-81.3665,36.3591],[-81.3715,36.3599],[-81.373,36.3571],[-81.3722,36.3533],[-81.3753,36.344],[-81.3736,36.3408],[-81.3741,36.3394],[-81.3729,36.3364],[-81.3745,36.3343],[-81.3742,36.3313],[-81.3713,36.3303],[-81.3702,36.3281],[-81.3683,36.3269],[-81.3683,36.3222],[-81.369,36.3203],[-81.367,36.3172],[-81.3641,36.3159],[-81.3615,36.3123],[-81.3592,36.3116],[-81.3599,36.3073],[-81.3594,36.304],[-81.3604,36.3034],[-81.3641,36.3038],[-81.3657,36.303],[-81.3682,36.3003],[-81.3683,36.2979],[-81.37,36.2944],[-81.3725,36.292],[-81.3722,36.2887],[-81.3705,36.2874],[-81.3732,36.2849],[-81.3737,36.2829],[-81.3794,36.2785],[-81.3822,36.2811],[-81.3853,36.2815],[-81.3878,36.2828],[-81.3884,36.2853],[-81.39,36.2865],[-81.3924,36.2862],[-81.3992,36.2893],[-81.4007,36.2904],[-81.4041,36.2905],[-81.4092,36.2944],[-81.4127,36.2947],[-81.4152,36.2939],[-81.4159,36.291],[-81.4134,36.2826],[-81.4141,36.2805],[-81.416,36.2787],[-81.4186,36.278],[-81.4272,36.2782],[-81.4302,36.2771],[-81.4309,36.2753],[-81.4299,36.2714],[-81.4309,36.2679],[-81.4332,36.2671],[-81.4356,36.2639],[-81.4403,36.2633],[-81.4456,36.2619],[-81.4529,36.2575],[-81.4529,36.2561],[-81.459,36.2488],[-81.4631,36.2499],[-81.4654,36.2518],[-81.47,36.2519],[-81.4737,36.2525],[-81.4748,36.2519],[-81.4771,36.2478],[-81.4767,36.243],[-81.4773,36.2411],[-81.4801,36.2403],[-81.4814,36.2387],[-81.4838,36.2383],[-81.4848,36.2352],[-81.4882,36.2332],[-81.4912,36.2329],[-81.4936,36.2341],[-81.496,36.2334],[-81.5001,36.2299],[-81.5014,36.2281],[-81.5059,36.226],[-81.5072,36.2244],[-81.5104,36.2252],[-81.5116,36.2247],[-81.5149,36.2254],[-81.5185,36.2251],[-81.5198,36.2256],[-81.5249,36.2255],[-81.5263,36.2284],[-81.5278,36.2296],[-81.5304,36.2301],[-81.5322,36.2316],[-81.5351,36.2315],[-81.5408,36.2341],[-81.5436,36.2348],[-81.5454,36.2312],[-81.5472,36.2295],[-81.5505,36.2297],[-81.5528,36.2313],[-81.5559,36.2313],[-81.5592,36.2322],[-81.5627,36.2303],[-81.5672,36.2275],[-81.5709,36.228],[-81.5765,36.2241],[-81.5771,36.2216],[-81.5837,36.2208],[-81.5836,36.2184],[-81.5869,36.2172],[-81.5893,36.2196],[-81.5923,36.2194],[-81.5937,36.2171],[-81.596,36.2151],[-81.5997,36.2144],[-81.6038,36.2104],[-81.6026,36.2091],[-81.5994,36.2094],[-81.5977,36.2083],[-81.5979,36.2064],[-81.6001,36.203],[-81.6002,36.1999],[-81.6026,36.1993],[-81.6031,36.1975],[-81.6004,36.1924],[-81.598,36.1916],[-81.5969,36.1901],[-81.5971,36.1871],[-81.5954,36.1849],[-81.5907,36.185],[-81.5909,36.1769],[-81.5856,36.1744],[-81.5863,36.1718],[-81.5885,36.1711],[-81.5927,36.1663],[-81.5935,36.1638],[-81.5981,36.1623],[-81.5974,36.1591],[-81.6002,36.1567],[-81.6048,36.1573],[-81.6116,36.1593],[-81.6138,36.1568],[-81.6169,36.1555],[-81.6165,36.1527],[-81.6197,36.1515],[-81.6207,36.1493],[-81.6261,36.1489],[-81.6283,36.1496],[-81.6309,36.1491],[-81.6327,36.1447],[-81.6324,36.1426],[-81.6357,36.1414],[-81.6384,36.1387],[-81.643,36.1363],[-81.6491,36.137],[-81.6517,36.136],[-81.6528,36.1286],[-81.652,36.1258],[-81.6556,36.1228],[-81.6572,36.1201],[-81.6611,36.1174],[-81.6597,36.1159],[-81.6615,36.113],[-81.6621,36.1105],[-81.6604,36.1087],[-81.6557,36.1064],[-81.6508,36.1065],[-81.6466,36.1052],[-81.6446,36.1038],[-81.6411,36.1026],[-81.6397,36.1009],[-81.64,36.0983],[-81.6367,36.096],[-81.6349,36.0939],[-81.6354,36.0922],[-81.6333,36.0878],[-81.6282,36.0846],[-81.6284,36.0808],[-81.6293,36.0786],[-81.623,36.0761],[-81.6225,36.0738],[-81.6243,36.0727],[-81.6247,36.0694],[-81.6233,36.0674],[-81.6242,36.0658],[-81.6201,36.064],[-81.6201,36.0581],[-81.6188,36.0572],[-81.6189,36.0549],[-81.6175,36.051],[-81.6184,36.0489],[-81.6211,36.0464],[-81.6204,36.0437],[-81.6209,36.0422],[-81.6195,36.0369],[-81.6132,36.0355],[-81.6092,36.032],[-81.6116,36.0297],[-81.6114,36.0279],[-81.6087,36.0265],[-81.6056,36.0237],[-81.602,36.0217],[-81.6018,36.0188],[-81.5997,36.0186],[-81.5967,36.0164],[-81.5944,36.0126],[-81.5967,36.0113],[-81.5959,36.0102],[-81.5976,36.007],[-81.5967,36.0041],[-81.5947,36.0044],[-81.597,35.9984],[-81.5943,35.9965],[-81.5913,35.9958],[-81.5883,35.9942],[-81.5855,35.9913],[-81.5828,35.9869],[-81.5807,35.9849],[-81.5832,35.9831],[-81.5813,35.9794],[-81.5845,35.9774],[-81.5833,35.9721],[-81.5876,35.9687],[-81.5874,35.9656],[-81.5825,35.9639],[-81.5808,35.962],[-81.5782,35.962],[-81.5759,35.9608],[-81.5728,35.9609],[-81.5721,35.9634],[-81.5693,35.964],[-81.5672,35.9679],[-81.5648,35.969],[-81.5617,35.9686],[-81.5612,35.971],[-81.557,35.9721],[-81.5537,35.9747],[-81.5483,35.9757],[-81.546,35.9753],[-81.5435,35.9763],[-81.5398,35.9767],[-81.5348,35.9744],[-81.5334,35.9724],[-81.5284,35.9699],[-81.5271,35.97],[-81.517,35.9773],[-81.5138,35.9777],[-81.5119,35.9791],[-81.5059,35.9809],[-81.5017,35.9857],[-81.4977,35.9879],[-81.4958,35.9896],[-81.4928,35.9907],[-81.4903,35.994],[-81.4875,35.9953],[-81.4837,35.996],[-81.4823,35.9974],[-81.4764,35.9983],[-81.4724,35.9945],[-81.4676,35.9941],[-81.466,35.9929],[-81.461,35.9914],[-81.4593,35.9874],[-81.4606,35.9859],[-81.4618,35.982],[-81.4663,35.9788],[-81.4704,35.9782],[-81.4728,35.9748],[-81.4699,35.9747],[-81.4677,35.9728],[-81.4606,35.9724],[-81.4592,35.9707],[-81.457,35.9706],[-81.454,35.9723],[-81.4496,35.974],[-81.443,35.9756],[-81.4403,35.9771],[-81.4365,35.9772],[-81.4345,35.9809],[-81.4305,35.9826],[-81.43,35.9836],[-81.4255,35.9861],[-81.4227,35.9859],[-81.422,35.9797],[-81.4203,35.9776],[-81.4215,35.9758],[-81.418,35.9714],[-81.4191,35.9695],[-81.4164,35.9671],[-81.4124,35.9662],[-81.4115,35.9671],[-81.4075,35.965],[-81.4025,35.9653],[-81.4013,35.9644],[-81.3969,35.965],[-81.3929,35.9638],[-81.3927,35.9615],[-81.3896,35.9638],[-81.3852,35.966],[-81.3841,35.9674],[-81.3822,35.9668],[-81.3805,35.9685],[-81.377,35.9697],[-81.3776,35.9716],[-81.375,35.9727],[-81.3732,35.9704],[-81.3703,35.9716],[-81.3696,35.9742],[-81.3672,35.9734],[-81.3661,35.9778],[-81.359,35.9797],[-81.3572,35.9818],[-81.3549,35.9832],[-81.3549,35.9854],[-81.3528,35.9875],[-81.3477,35.9891],[-81.3396,35.9941],[-81.3338,35.9948],[-81.3304,35.9968],[-81.3284,35.9965],[-81.3269,35.9949],[-81.325,35.995],[-81.3228,35.9967],[-81.3177,35.9968],[-81.3173,35.9984],[-81.314,36.0014],[-81.3142,36.0044],[-81.3071,36.0054],[-81.3051,36.0048],[-81.3007,36.0045],[-81.3004,36.0062],[-81.2954,36.0071],[-81.2932,36.0093],[-81.2902,36.0096],[-81.2886,36.0117],[-81.284,36.0133],[-81.2851,36.0155],[-81.2833,36.0159],[-81.281,36.0185],[-81.2786,36.0189],[-81.276,36.0205],[-81.2718,36.0218],[-81.2687,36.0249],[-81.2641,36.026],[-81.2616,36.0255],[-81.2568,36.0264],[-81.2527,36.0255],[-81.25,36.0269],[-81.2454,36.0251],[-81.2411,36.0259],[-81.2406,36.0284],[-81.2377,36.0302],[-81.232,36.0303],[-81.2303,36.0314],[-81.2268,36.0307],[-81.223,36.0307],[-81.2196,36.0298],[-81.2161,36.0311],[-81.2115,36.0338],[-81.2078,36.0322],[-81.2057,36.0329],[-81.2036,36.0364],[-81.2003,36.0353],[-81.1955,36.0351],[-81.1936,36.0364],[-81.1911,36.0367],[-81.1875,36.0345],[-81.1853,36.0349],[-81.1825,36.033],[-81.1762,36.0315],[-81.1736,36.0288],[-81.174,36.0275],[-81.1723,36.0262],[-81.1671,36.0255],[-81.1659,36.0229],[-81.1657,36.0197],[-81.1667,36.0163],[-81.1659,36.0142],[-81.167,36.0115],[-81.1637,36.0101],[-81.1625,36.0084],[-81.1627,36.0065],[-81.165,36.0046],[-81.1644,36.0021],[-81.162,36.0013],[-81.1598,35.9987],[-81.1603,35.9956],[-81.1599,35.993],[-81.1569,35.9924],[-81.1523,35.9891],[-81.1543,35.9875],[-81.1565,35.9843],[-81.1562,35.9829],[-81.1542,35.9818],[-81.154,35.9797],[-81.1517,35.9772],[-81.1483,35.976],[-81.1496,35.9724],[-81.1491,35.9685],[-81.1478,35.9671],[-81.1483,35.9648],[-81.1519,35.9619],[-81.1516,35.9586],[-81.1486,35.9579],[-81.1495,35.9556],[-81.1489,35.9497],[-81.1502,35.9475],[-81.152,35.9474],[-81.1552,35.9452],[-81.1582,35.942],[-81.1579,35.938],[-81.1588,35.9364],[-81.1593,35.9322],[-81.1606,35.9305],[-81.1631,35.9293],[-81.1641,35.9252],[-81.164,35.9222],[-81.1628,35.921],[-81.1586,35.9201],[-81.1503,35.9162],[-81.1469,35.917],[-81.1399,35.9158],[-81.1297,35.9152],[-81.1227,35.912],[-81.1194,35.9061],[-81.12,35.9029],[-81.1215,35.9022],[-81.1226,35.8991],[-81.1214,35.8936],[-81.1197,35.8903],[-81.1198,35.8856],[-81.1182,35.8822],[-81.1151,35.8794],[-81.113,35.8788],[-81.1092,35.8806],[-81.108,35.8818],[-81.1045,35.8819],[-81.1002,35.8835],[-81.0945,35.884],[-81.0917,35.8813],[-81.0902,35.8784],[-81.0858,35.8771],[-81.0831,35.8749],[-81.0806,35.8737],[-81.0767,35.8679],[-81.0748,35.8669],[-81.0742,35.8629],[-81.0724,35.8605],[-81.0692,35.861],[-81.0677,35.8602],[-81.0663,35.8573],[-81.066,35.8539],[-81.0648,35.853],[-81.0636,35.8492],[-81.0632,35.8461],[-81.0614,35.8436],[-81.0613,35.841],[-81.0621,35.8391],[-81.0618,35.8367],[-81.0593,35.8326],[-81.059,35.8305],[-81.0596,35.8277],[-81.0549,35.8248],[-81.0524,35.8214],[-81.0504,35.821],[-81.0478,35.8193],[-81.0472,35.8175],[-81.0438,35.8152],[-81.0417,35.8148],[-81.0404,35.812],[-81.0358,35.8063],[-81.0326,35.8043],[-81.027,35.8029],[-81.0253,35.7991],[-81.0235,35.7979],[-81.0214,35.7986],[-81.018,35.7978],[-81.0139,35.7952],[-81.013,35.7924],[-81.0108,35.7914],[-81.0078,35.7888],[-81.003,35.786],[-81.0048,35.7832],[-81.0031,35.7801],[-81.0039,35.7775],[-81.0023,35.7764],[-81.0033,35.7718],[-80.9992,35.7706],[-80.9965,35.7693],[-80.9943,35.7705],[-80.9896,35.769],[-80.9885,35.7674],[-80.9893,35.7658],[-80.9879,35.7635],[-80.9843,35.7606],[-80.9785,35.7597],[-80.9767,35.7585],[-80.9763,35.7561],[-80.9749,35.7552],[-80.9735,35.7526],[-80.968,35.7524],[-80.9645,35.7514],[-80.964,35.7503],[-80.9602,35.7472],[-80.9566,35.7457],[-80.9539,35.7433],[-80.9531,35.7386],[-80.9488,35.7353],[-80.9418,35.7356],[-80.9389,35.7363],[-80.9365,35.7311],[-80.9325,35.7282],[-80.9314,35.7286],[-80.9268,35.7273],[-80.9246,35.7255],[-80.9208,35.7273],[-80.9195,35.7272],[-80.9139,35.7234],[-80.913,35.7208],[-80.9111,35.7182],[-80.9071,35.7171],[-80.9045,35.7172],[-80.8954,35.714],[-80.8922,35.7136],[-80.892,35.7123],[-80.8949,35.7093],[-80.8945,35.7072],[-80.8872,35.7004],[-80.8849,35.6996],[-80.8817,35.7009],[-80.875,35.6969],[-80.873,35.6916],[-80.8706,35.6909],[-80.868,35.6911],[-80.8644,35.6873],[-80.8633,35.6853],[-80.859,35.6813],[-80.8596,35.6769],[-80.8568,35.6755],[-80.8573,35.674],[-80.8599,35.6714],[-80.8616,35.668],[-80.8632,35.6667],[-80.8619,35.6655],[-80.8617,35.6625],[-80.8588,35.6608],[-80.8554,35.6575],[-80.8534,35.6592],[-80.851,35.6594],[-80.8469,35.6568],[-80.8434,35.6523],[-80.8438,35.6501],[-80.8431,35.6476],[-80.8411,35.6449],[-80.8412,35.6429],[-80.8383,35.6423],[-80.8379,35.6403],[-80.8357,35.6388],[-80.8295,35.6372],[-80.8266,35.6345],[-80.8245,35.6338],[-80.825,35.6316],[-80.8232,35.6265],[-80.824,35.6248],[-80.8292,35.6211],[-80.8305,35.6192],[-80.8292,35.6182],[-80.8262,35.6191],[-80.8224,35.6164],[-80.822,35.6142],[-80.8202,35.6135],[-80.8199,35.6118],[-80.8176,35.6107],[-80.8148,35.6066],[-80.815,35.6047],[-80.8135,35.6014],[-80.8093,35.5999],[-80.8079,35.5985],[-80.8075,35.595],[-80.8057,35.593],[-80.8059,35.5902],[-80.8025,35.5877],[-80.8041,35.5865],[-80.808,35.586],[-80.8128,35.5829],[-80.816,35.5814],[-80.8185,35.5794],[-80.8194,35.5769],[-80.8221,35.5747],[-80.8268,35.5724],[-80.8281,35.5703],[-80.8275,35.5684],[-80.8299,35.565],[-80.8336,35.5606],[-80.8357,35.5591],[-80.839,35.5581],[-80.8412,35.5555],[-80.8416,35.5535],[-80.8459,35.5509],[-80.8471,35.5448],[-80.8485,35.5424],[-80.848,35.5404],[-80.8494,35.5382],[-80.8478,35.5369],[-80.8459,35.5333],[-80.8437,35.5267],[-80.8414,35.5217],[-80.8387,35.5186],[-80.8373,35.5132],[-80.8411,35.507],[-80.8437,35.5066],[-80.8466,35.5051],[-80.8465,35.5],[-80.8489,35.497],[-80.8527,35.498],[-80.8542,35.497],[-80.8549,35.4941],[-80.8579,35.4909],[-80.8578,35.4875],[-80.8568,35.4862],[-80.8587,35.4826],[-80.8581,35.4805],[-80.8535,35.4752],[-80.8517,35.4715],[-80.8494,35.471],[-80.849,35.4681],[-80.8472,35.4647],[-80.8439,35.4599],[-80.8424,35.459],[-80.8417,35.4536],[-80.8434,35.4491],[-80.844,35.4459],[-80.845,35.4441],[-80.8428,35.4395],[-80.8395,35.4379],[-80.8393,35.4353],[-80.8428,35.4337],[-80.8428,35.4305],[-80.8421,35.4257],[-80.8396,35.4179],[-80.8412,35.4166],[-80.8424,35.4135],[-80.841,35.4096],[-80.8398,35.4078],[-80.8377,35.3971],[-80.8351,35.395],[-80.8344,35.3918],[-80.8365,35.3868],[-80.8341,35.3861],[-80.8326,35.3831],[-80.8329,35.3803],[-80.834,35.3781],[-80.8333,35.3728],[-80.8317,35.3703],[-80.8274,35.3698],[-80.8259,35.3688],[-80.8224,35.3693],[-80.8182,35.3686],[-80.8159,35.3663],[-80.8182,35.3645],[-80.8186,35.3627],[-80.8205,35.3614],[-80.8206,35.3584],[-80.8229,35.3551],[-80.8232,35.3479],[-80.8261,35.3448],[-80.8226,35.3394],[-80.8243,35.3345],[-80.8247,35.3317],[-80.8273,35.3259],[-80.8268,35.3235],[-80.8279,35.3193],[-80.8297,35.3192],[-80.8322,35.3177],[-80.8337,35.3145],[-80.8314,35.3139],[-80.827,35.3107],[-80.8248,35.3109],[-80.8218,35.3073],[-80.8197,35.3055],[-80.8154,35.3043],[-80.8135,35.3024],[-80.8109,35.3016],[-80.8075,35.3017],[-80.8028,35.3001],[-80.7998,35.2985],[-80.7965,35.2947],[-80.7935,35.2939],[-80.7959,35.2906],[-80.7939,35.2829],[-80.7905,35.2805],[-80.7888,35.2802],[-80.7865,35.2773],[-80.7834,35.2782],[-80.7804,35.2768],[-80.7756,35.2776],[-80.7723,35.2771],[-80.7693,35.2788],[-80.7676,35.279],[-80.7663,35.2771],[-80.7671,35.2746],[-80.7681,35.2655],[-80.7666,35.264],[-80.7623,35.2623],[-80.7596,35.263],[-80.756,35.2629],[-80.7534,35.264],[-80.7497,35.2646],[-80.7442,35.2671],[-80.7424,35.2659],[-80.7374,35.265],[-80.7364,35.2636],[-80.7308,35.2609],[-80.7355,35.2589],[-80.7363,35.2578],[-80.736,35.2546],[-80.7366,35.2515],[-80.7359,35.2452],[-80.7378,35.2415],[-80.7375,35.2381],[-80.7361,35.2365],[-80.7335,35.2363],[-80.7312,35.234],[-80.7312,35.2323],[-80.7282,35.2301],[-80.7265,35.228],[-80.7253,35.2232],[-80.7212,35.2244],[-80.7203,35.2256],[-80.7145,35.2251],[-80.7136,35.2267],[-80.7099,35.2276],[-80.7055,35.2249],[-80.702,35.2236],[-80.6994,35.2212],[-80.6984,35.2191],[-80.6936,35.2158],[-80.6913,35.2161],[-80.6873,35.2146],[-80.6784,35.213],[-80.6747,35.2133],[-80.6734,35.2107],[-80.6706,35.2081],[-80.6701,35.2061],[-80.6704,35.2015],[-80.6671,35.1991],[-80.6658,35.1968],[-80.6621,35.1947],[-80.6586,35.1944],[-80.6578,35.1923],[-80.6553,35.1888],[-80.6543,35.1861],[-80.6511,35.1853],[-80.6507,35.183],[-80.6475,35.1809],[-80.6481,35.1796],[-80.6534,35.1755],[-80.6541,35.1715],[-80.6556,35.1708],[-80.6575,35.1718],[-80.6627,35.1696],[-80.6647,35.167],[-80.6668,35.1655],[-80.668,35.1634],[-80.6701,35.162],[-80.6709,35.1576],[-80.6719,35.1556],[-80.6753,35.1529],[-80.6785,35.1529],[-80.6797,35.1521],[-80.6806,35.148],[-80.6802,35.1456],[-80.6813,35.1448],[-80.6831,35.1402],[-80.6816,35.1359],[-80.6848,35.1316],[-80.6854,35.1297],[-80.6877,35.1279],[-80.6887,35.1248],[-80.6932,35.1209],[-80.6948,35.1201],[-80.6941,35.1165],[-80.692,35.1129],[-80.6891,35.1103],[-80.6888,35.109],[-80.6907,35.1076],[-80.6936,35.1023],[-80.6939,35.0984],[-80.6949,35.0968],[-80.6931,35.094],[-80.6956,35.0896],[-80.6968,35.0851],[-80.6933,35.0828],[-80.6907,35.0821],[-80.6877,35.08],[-80.6873,35.0745],[-80.6845,35.0735],[-80.6841,35.0707],[-80.68,35.0675],[-80.674,35.0662],[-80.6716,35.0647],[-80.6684,35.064],[-80.6632,35.062],[-80.6614,35.0608],[-80.6579,35.0616],[-80.6564,35.061],[-80.6514,35.0615],[-80.6498,35.0609],[-80.6493,35.058],[-80.6518,35.0545],[-80.6507,35.0494],[-80.6522,35.0471],[-80.6514,35.0459],[-80.6453,35.0461],[-80.6415,35.0451],[-80.6395,35.0438],[-80.6336,35.0442],[-80.6318,35.0429],[-80.6318,35.0396],[-80.6274,35.0371],[-80.624,35.0346],[-80.6228,35.0328],[-80.6215,35.0289],[-80.6212,35.0247],[-80.6204,35.0233],[-80.6215,35.0199],[-80.6243,35.0175],[-80.6286,35.0126],[-80.6285,35.0069],[-80.6301,35.0023],[-80.6291,34.9975],[-80.6275,34.9923],[-80.6278,34.9896],[-80.6289,34.987],[-80.6272,34.9857],[-80.6268,34.9838],[-80.6278,34.9816],[-80.6254,34.9808],[-80.6226,34.9765],[-80.6229,34.975],[-80.6255,34.9706],[-80.6284,34.9693],[-80.6296,34.9668],[-80.6279,34.9649],[-80.628,34.9613],[-80.6304,34.9542],[-80.6318,34.9518],[-80.6313,34.9493],[-80.6326,34.9472],[-80.6352,34.947],[-80.637,34.9443],[-80.6342,34.936],[-80.6346,34.9345],[-80.6333,34.9316],[-80.6349,34.9303],[-80.6336,34.9268],[-80.636,34.9249],[-80.636,34.9217],[-80.6387,34.9182],[-80.6381,34.9133],[-80.6412,34.9111],[-80.6396,34.9056],[-80.6353,34.9053],[-80.6315,34.9035],[-80.6267,34.904],[-80.6244,34.9019],[-80.6223,34.901],[-80.6229,34.8977],[-80.6209,34.8944],[-80.622,34.8921],[-80.62,34.8911],[-80.6182,34.8877],[-80.6128,34.8845],[-80.6116,34.8823],[-80.6083,34.8807],[-80.6066,34.8817],[-80.6028,34.8776],[-80.6036,34.8748],[-80.6061,34.873],[-80.6059,34.8716],[-80.6074,34.8691],[-80.6102,34.868],[-80.6111,34.8661],[-80.6144,34.865],[-80.6136,34.8628],[-80.6153,34.8619],[-80.6159,34.8599],[-80.6151,34.8579],[-80.6158,34.8558],[-80.6197,34.855],[-80.6225,34.8516],[-80.6245,34.8478],[-80.6218,34.8457],[-80.6208,34.8425],[-80.6175,34.8409],[-80.6194,34.8377],[-80.6209,34.8365],[-80.6207,34.8344],[-80.624,34.8316],[-80.6261,34.8306],[-80.6281,34.8274],[-80.6259,34.824],[-80.6257,34.8224],[-80.6278,34.8215],[-80.6293,34.8182],[-80.6307,34.8167],[-80.6334,34.8121],[-80.6353,34.8119],[-80.6359,34.8103],[-80.6338,34.8083],[-80.6346,34.8066],[-80.6321,34.8052],[-80.6327,34.8025],[-80.635,34.7998],[-80.6367,34.795],[-80.6357,34.7924],[-80.6357,34.7894],[-80.6314,34.7832],[-80.6294,34.7824],[-80.6275,34.7796],[-80.629,34.7751],[-80.629,34.7729],[-80.6271,34.7714],[-80.6262,34.7692],[-80.6276,34.7676],[-80.6263,34.7642],[-80.629,34.7625],[-80.6294,34.7593],[-80.6306,34.7576],[-80.6291,34.755],[-80.6275,34.7548],[-80.6256,34.7518],[-80.6252,34.7472],[-80.6264,34.7423],[-80.6259,34.7401],[-80.6208,34.7347],[-80.6214,34.7337],[-80.6183,34.7299],[-80.6153,34.7277],[-80.6142,34.7238],[-80.6164,34.723],[-80.6166,34.7206],[-80.6187,34.7189],[-80.617,34.7145],[-80.617,34.7128],[-80.6204,34.7085],[-80.6234,34.7067],[-80.6235,34.705],[-80.6263,34.7018],[-80.6291,34.6969],[-80.632,34.6938],[-80.6324,34.6921],[-80.6354,34.6882],[-80.6349,34.6865],[-80.636,34.6835],[-80.6332,34.6801],[-80.6318,34.6796],[-80.6307,34.6771],[-80.6334,34.6768],[-80.6366,34.6747],[-80.6387,34.6748],[-80.6405,34.6731],[-80.6429,34.6724],[-80.6447,34.6689],[-80.6473,34.6681],[-80.6488,34.6664],[-80.6496,34.6641],[-80.6521,34.6628],[-80.6545,34.6592],[-80.6516,34.6578],[-80.653,34.6551],[-80.653,34.6532],[-80.655,34.6505],[-80.6575,34.6494],[-80.6616,34.6461],[-80.6637,34.6422],[-80.6635,34.6399],[-80.6676,34.6373],[-80.6679,34.6331],[-80.6687,34.6319],[-80.6732,34.6326],[-80.6763,34.6312],[-80.6789,34.6292],[-80.681,34.6256],[-80.681,34.6235],[-80.6843,34.6215],[-80.6852,34.6185],[-80.6845,34.616],[-80.6866,34.61],[-80.6881,34.6081],[-80.688,34.6046],[-80.6869,34.6033],[-80.6877,34.6002],[-80.6891,34.5983],[-80.6917,34.5976],[-80.6952,34.598],[-80.6991,34.5966],[-80.6999,34.5954],[-80.7039,34.5922],[-80.7061,34.5912],[-80.7048,34.5872],[-80.7014,34.5863],[-80.6995,34.584],[-80.6996,34.5808],[-80.697,34.5792],[-80.6976,34.5763],[-80.6968,34.5717],[-80.6957,34.5706],[-80.6938,34.573],[-80.6924,34.5732],[-80.6893,34.5701],[-80.6857,34.5708],[-80.6763,34.5703],[-80.6736,34.5677],[-80.6707,34.5617],[-80.666,34.5553],[-80.6657,34.5542],[-80.6666,34.5489],[-80.6638,34.548],[-80.6618,34.5461],[-80.6627,34.5436],[-80.6612,34.5394],[-80.6618,34.5379],[-80.6602,34.5356],[-80.6563,34.5347],[-80.6569,34.5326],[-80.6561,34.5314],[-80.651,34.5276],[-80.6505,34.5224],[-80.6462,34.5223],[-80.644,34.517],[-80.6381,34.5128],[-80.6348,34.5116],[-80.6334,34.5101],[-80.6313,34.51],[-80.6261,34.5116],[-80.6199,34.5102],[-80.618,34.5039],[-80.616,34.5021],[-80.6158,34.5005],[-80.6123,34.5006],[-80.61,34.4996],[-80.607,34.4999],[-80.601,34.497],[-80.5946,34.4988],[-80.5916,34.497],[-80.5875,34.4995],[-80.5854,34.4999],[-80.5837,34.4951],[-80.5841,34.4908],[-80.5769,34.4764],[-80.5753,34.4715],[-80.5707,34.4694],[-80.5653,34.4687],[-80.5632,34.468],[-80.5576,34.4615],[-80.5576,34.4569],[-80.5587,34.4533],[-80.5567,34.4506],[-80.5574,34.4465],[-80.5544,34.4426],[-80.553,34.44],[-80.5527,34.4358],[-80.5512,34.4339],[-80.5491,34.4327],[-80.544,34.4316],[-80.5391,34.4319],[-80.5365,34.4308],[-80.5347,34.4288],[-80.5311,34.4284],[-80.5343,34.4241],[-80.5329,34.4204],[-80.5342,34.4169],[-80.5336,34.4149],[-80.5302,34.413],[-80.5298,34.4098],[-80.5337,34.4059],[-80.5341,34.4045],[-80.5318,34.4011],[-80.5348,34.399],[-80.5346,34.3979],[-80.5364,34.3936],[-80.5329,34.3903],[-80.5309,34.3911],[-80.5273,34.3907],[-80.5254,34.3932],[-80.5195,34.3933],[-80.5188,34.3955],[-80.5164,34.3962],[-80.5135,34.3954],[-80.51,34.3926],[-80.5047,34.3916],[-80.5039,34.3892],[-80.5014,34.3895],[-80.5007,34.3862],[-80.4985,34.3849],[-80.4954,34.3859],[-80.4905,34.386],[-80.4871,34.3854],[-80.4827,34.3866],[-80.4811,34.3875],[-80.4792,34.3863],[-80.4736,34.3874],[-80.4711,34.3865],[-80.4668,34.3863],[-80.4621,34.3891],[-80.4586,34.3898],[-80.4578,34.3887],[-80.4529,34.3881],[-80.4493,34.3898],[-80.4487,34.3889],[-80.4502,34.3866],[-80.4499,34.3835],[-80.449,34.3825],[-80.4444,34.3806],[-80.4428,34.3784],[-80.4375,34.3788],[-80.4341,34.3775],[-80.4348,34.376],[-80.4376,34.3751],[-80.4382,34.3727],[-80.4328,34.3733],[-80.4309,34.3724],[-80.4301,34.3694],[-80.431,34.3685],[-80.4351,34.367],[-80.4354,34.365],[-80.4329,34.3621],[-80.4307,34.3611],[-80.4311,34.3585],[-80.4301,34.3556],[-80.4309,34.354],[-80.4367,34.3492],[-80.4364,34.3483],[-80.4394,34.3457],[-80.441,34.3426],[-80.4403,34.3398],[-80.439,34.3388],[-80.4345,34.3393],[-80.4307,34.3349],[-80.4302,34.332],[-80.4339,34.3318],[-80.4363,34.3303],[-80.4377,34.3279],[-80.443,34.3255],[-80.4467,34.3219],[-80.4495,34.3214],[-80.4527,34.3228],[-80.4526,34.3196],[-80.455,34.3197],[-80.4579,34.318],[-80.4567,34.314],[-80.4576,34.3118],[-80.4572,34.3083],[-80.4603,34.3051],[-80.4592,34.3031],[-80.4602,34.302],[-80.464,34.3023],[-80.4651,34.3006],[-80.4684,34.3002],[-80.4719,34.299],[-80.4733,34.296],[-80.471,34.2945],[-80.4684,34.2946],[-80.4653,34.2934],[-80.4622,34.2938],[-80.4581,34.2921],[-80.4603,34.2903],[-80.46,34.2885],[-80.4618,34.2875],[-80.4653,34.2874],[-80.4642,34.2841],[-80.4629,34.283],[-80.4601,34.2828],[-80.4584,34.2801],[-80.4641,34.2791],[-80.4667,34.28],[-80.4703,34.2791],[-80.4723,34.2796],[-80.4748,34.2775],[-80.4781,34.2733],[-80.4742,34.2736],[-80.4736,34.272],[-80.4746,34.2691],[-80.4764,34.2668],[-80.4759,34.2632],[-80.4788,34.2611],[-80.4813,34.2582],[-80.4842,34.2558],[-80.4818,34.2547],[-80.4824,34.2526],[-80.4805,34.2503],[-80.4775,34.2518],[-80.4728,34.2525],[-80.4708,34.2521],[-80.4712,34.2489],[-80.4682,34.2449],[-80.4645,34.2422],[-80.4614,34.241],[-80.461,34.2359],[-80.4591,34.2337],[-80.4538,34.2317],[-80.4496,34.2293],[-80.4498,34.2278],[-80.4483,34.2263],[-80.4506,34.2204],[-80.4493,34.2146],[-80.447,34.212],[-80.4476,34.2099],[-80.4456,34.208],[-80.4483,34.2055],[-80.4508,34.2044],[-80.4495,34.2029],[-80.4471,34.2022],[-80.4409,34.1951],[-80.4383,34.1887],[-80.436,34.1885],[-80.4333,34.1895],[-80.4322,34.1882],[-80.4348,34.1841],[-80.4392,34.1809],[-80.4369,34.1799],[-80.4359,34.177],[-80.4318,34.1746],[-80.4311,34.1721],[-80.4321,34.1701],[-80.4308,34.1685],[-80.4282,34.1708],[-80.4269,34.1706],[-80.423,34.1678],[-80.4217,34.1663],[-80.4193,34.1653],[-80.4214,34.1595],[-80.4229,34.1568],[-80.4227,34.1547],[-80.4244,34.1511],[-80.4261,34.1498],[-80.4269,34.1476],[-80.4261,34.1439],[-80.4217,34.1405],[-80.4208,34.1359],[-80.4183,34.1311],[-80.4159,34.1301],[-80.4128,34.126],[-80.4119,34.1236],[-80.4128,34.1217],[-80.4161,34.1215],[-80.4172,34.1164],[-80.4199,34.1156],[-80.423,34.1115],[-80.4264,34.109],[-80.4273,34.1034],[-80.4262,34.1005],[-80.4288,34.0982],[-80.4258,34.0955],[-80.422,34.0938],[-80.4218,34.0891],[-80.4227,34.0877],[-80.422,34.086],[-80.4226,34.0843],[-80.425,34.0821],[-80.4275,34.0809],[-80.4312,34.0801],[-80.4339,34.0742],[-80.4363,34.0734],[-80.4331,34.069],[-80.4341,34.0658],[-80.4338,34.064],[-80.4296,34.0621],[-80.4316,34.0599],[-80.4326,34.0569],[-80.4303,34.0516],[-80.4328,34.0497],[-80.4358,34.0464],[-80.4387,34.0471],[-80.4398,34.0463],[-80.441,34.0421],[-80.4406,34.0401],[-80.443,34.0375],[-80.4454,34.0364],[-80.4489,34.0372],[-80.4531,34.036],[-80.4559,34.0335],[-80.4637,34.0312],[-80.4674,34.0313],[-80.4707,34.0302],[-80.4744,34.0275],[-80.4756,34.0275],[-80.4804,34.0246],[-80.481,34.0226],[-80.4858,34.0193],[-80.4895,34.0192],[-80.4916,34.0151],[-80.4894,34.0131],[-80.4904,34.0071],[-80.4917,34.0052],[-80.4947,34.005],[-80.4969,34.0014],[-80.4966,33.9998],[-80.4985,33.9952],[-80.4948,33.9926],[-80.4935,33.9901],[-80.4946,33.9866],[-80.4929,33.9855],[-80.4898,33.9855],[-80.4887,33.9847],[-80.4879,33.9805],[-80.4898,33.9793],[-80.4911,33.9761],[-80.4962,33.9732],[-80.4955,33.9692],[-80.4995,33.9654],[-80.4969,33.9606],[-80.4986,33.9581],[-80.5032,33.9578],[-80.505,33.9573],[-80.5059,33.955],[-80.5066,33.9485],[-80.5113,33.9474],[-80.5159,33.9442],[-80.5181,33.9416],[-80.5169,33.9369],[-80.515,33.9356],[-80.5151,33.9326],[-80.5182,33.9309],[-80.5201,33.9283],[-80.5174,33.9264],[-80.5175,33.9246],[-80.5219,33.9219],[-80.5219,33.9198],[-80.5238,33.9183],[-80.5245,33.915],[-80.5265,33.9132],[-80.5257,33.91],[-80.5286,33.9049],[-80.5326,33.9039],[-80.5315,33.8989],[-80.5315,33.895],[-80.53,33.8923],[-80.5317,33.8895],[-80.5315,33.8863],[-80.5299,33.8848],[-80.5296,33.8829],[-80.5317,33.8817],[-80.5314,33.8796],[-80.5332,33.8774],[-80.5359,33.8766],[-80.5357,33.8744],[-80.5369,33.8711],[-80.5383,33.8694],[-80.539,33.866],[-80.5417,33.8618],[-80.5439,33.8602],[-80.5408,33.8563],[-80.5382,33.8543],[-80.5373,33.852],[-80.537,33.8451],[-80.536,33.8422],[-80.5325,33.8396],[-80.5264,33.8369],[-80.5179,33.8322],[-80.512,33.8286],[-80.5062,33.8239],[-80.501,33.8205],[-80.4965,33.8206],[-80.4938,33.8189],[-80.4928,33.8169],[-80.4905,33.8172],[-80.4879,33.8151],[-80.4888,33.8131],[-80.4924,33.8105],[-80.4919,33.809],[-80.4892,33.808],[-80.4948,33.7981],[-80.4981,33.7946],[-80.4988,33.7909],[-80.497,33.7891],[-80.4985,33.7871],[-80.4987,33.7822],[-80.4975,33.7804],[-80.495,33.7797],[-80.4959,33.7735],[-80.495,33.772],[-80.4896,33.7695],[-80.4866,33.7694],[-80.4801,33.7683],[-80.4772,33.7688],[-80.4745,33.7684],[-80.4698,33.7648],[-80.4672,33.7597],[-80.4648,33.7561],[-80.4632,33.7508],[-80.4605,33.7438],[-80.4615,33.7405],[-80.4638,33.7374],[-80.463,33.7361],[-80.4564,33.7354],[-80.454,33.7335],[-80.4539,33.7306],[-80.4519,33.7282],[-80.4502,33.7244],[-80.4517,33.7204],[-80.4496,33.7169],[-80.4498,33.7133],[-80.4438,33.7082],[-80.4423,33.7057],[-80.4418,33.7027],[-80.4397,33.6998],[-80.437,33.6981],[-80.4392,33.6958],[-80.4379,33.6932],[-80.4443,33.6876],[-80.4442,33.6847],[-80.4414,33.6815],[-80.4379,33.6812],[-80.4318,33.6779],[-80.4283,33.6766],[-80.4261,33.677],[-80.4183,33.6798],[-80.4168,33.6816],[-80.4145,33.6798],[-80.4111,33.6782],[-80.4082,33.6756],[-80.4065,33.6758],[-80.4027,33.6776],[-80.3957,33.676],[-80.392,33.6761],[-80.39,33.678],[-80.3907,33.6828],[-80.388,33.6858],[-80.3844,33.6855],[-80.3806,33.6823],[-80.3747,33.6813],[-80.372,33.678],[-80.3705,33.6724],[-80.3672,33.6709],[-80.3601,33.6713],[-80.3579,33.6679],[-80.3553,33.6654],[-80.3431,33.6643],[-80.3407,33.6628],[-80.3369,33.6574],[-80.3319,33.653],[-80.3279,33.6512],[-80.3241,33.6527],[-80.3202,33.6533],[-80.3177,33.6528],[-80.31,33.6477],[-80.3062,33.6455],[-80.3029,33.6448],[-80.2983,33.6468],[-80.2954,33.6466],[-80.2899,33.6454],[-80.289,33.6428],[-80.2926,33.6361],[-80.2925,33.6306],[-80.2956,33.628],[-80.2974,33.6247],[-80.2972,33.6194],[-80.2974,33.6152],[-80.2966,33.6111],[-80.2916,33.6076],[-80.2868,33.6062],[-80.2841,33.6048],[-80.2806,33.6017],[-80.2778,33.6007],[-80.2677,33.6021],[-80.2627,33.6021],[-80.2589,33.6038],[-80.256,33.6069],[-80.2526,33.6095],[-80.2477,33.61],[-80.2453,33.6087],[-80.2422,33.6097],[-80.2383,33.6099],[-80.233,33.6114],[-80.2285,33.6104],[-80.2246,33.6162],[-80.2207,33.6188],[-80.2184,33.619],[-80.2173,33.6172],[-80.2134,33.6178],[-80.2073,33.6171],[-80.2042,33.6159],[-80.2019,33.6163],[-80.1985,33.6188],[-80.1956,33.6189],[-80.1915,33.6207],[-80.1896,33.6222],[-80.1877,33.6217],[-80.1852,33.6165],[-80.1803,33.6169],[-80.1769,33.6182],[-80.1727,33.6175],[-80.1714,33.6179],[-80.1676,33.6164],[-80.1689,33.6136],[-80.168,33.6126],[-80.1695,33.6103],[-80.1668,33.6072],[-80.1666,33.6035],[-80.1653,33.6002],[-80.1632,33.5976],[-80.1639,33.5963],[-80.1609,33.5922],[-80.1584,33.5906],[-80.1579,33.5885],[-80.1541,33.5847],[-80.1546,33.5805],[-80.1507,33.5804],[-80.1453,33.5783],[-80.1401,33.5822],[-80.1381,33.583],[-80.1381,33.5876],[-80.1348,33.5904],[-80.1338,33.5933],[-80.135,33.597],[-80.1347,33.5993],[-80.1324,33.601],[-80.133,33.6044],[-80.1324,33.6062],[-80.1294,33.6093],[-80.1274,33.6143],[-80.1275,33.6194],[-80.1263,33.6267],[-80.1245,33.6279],[-80.1244,33.6316],[-80.1219,33.6386],[-80.1211,33.6441],[-80.1192,33.6492],[-80.1209,33.6522],[-80.1197,33.6554],[-80.1171,33.6583],[-80.1103,33.6587],[-80.1032,33.6563],[-80.0996,33.6576],[-80.0952,33.6574],[-80.0939,33.6582],[-80.0945,33.6612],[-80.0966,33.6639],[-80.0965,33.6665],[-80.0974,33.6706],[-80.0964,33.6721],[-80.0913,33.6716],[-80.0868,33.6687],[-80.0846,33.6654],[-80.0824,33.6638],[-80.0772,33.6622],[-80.0738,33.6604],[-80.0717,33.6586],[-80.0689,33.655],[-80.0668,33.6512],[-80.0657,33.647],[-80.0655,33.6443],[-80.0639,33.6422],[-80.0638,33.6403],[-80.0654,33.6375],[-80.0642,33.6339],[-80.0619,33.6317],[-80.0538,33.6258],[-80.052,33.6248],[-80.0472,33.6208],[-80.0439,33.6201],[-80.0406,33.6208],[-80.0351,33.6199],[-80.0329,33.6174],[-80.0302,33.611],[-80.0269,33.6053],[-80.0241,33.603],[-80.0182,33.599],[-80.0086,33.594],[-79.9998,33.589],[-79.9946,33.5886],[-79.9904,33.5859],[-79.9895,33.5842],[-79.9887,33.5797],[-79.9877,33.5784],[-79.9878,33.5729],[-79.9852,33.5717],[-79.9828,33.5716],[-79.983,33.5697],[-79.9821,33.5665],[-79.9784,33.5636],[-79.9789,33.5582],[-79.9782,33.5542],[-79.9752,33.5476],[-79.9706,33.543],[-79.9655,33.5398],[-79.9604,33.5387],[-79.9542,33.5379],[-79.9494,33.5359],[-79.9448,33.5423],[-79.9402,33.5449],[-79.9344,33.5529],[-79.9288,33.5503],[-79.9242,33.5476],[-79.919,33.5436],[-79.9144,33.5382],[-79.9078,33.5279],[-79.9061,33.5247],[-79.9026,33.5163],[-79.9011,33.5111],[-79.8986,33.5044],[-79.8958,33.5036],[-79.8855,33.5039],[-79.8827,33.5032],[-79.8798,33.5017],[-79.8781,33.4996],[-79.8707,33.4993],[-79.868,33.4999],[-79.8613,33.4997],[-79.8611,33.4968],[-79.8595,33.495],[-79.852,33.4936],[-79.8442,33.4904],[-79.8427,33.4887],[-79.8412,33.4845],[-79.8389,33.4799],[-79.8359,33.4769],[-79.8321,33.4766],[-79.8297,33.4755],[-79.8263,33.4716],[-79.8213,33.4684],[-79.8166,33.4665],[-79.8125,33.4669],[-79.8096,33.4678],[-79.8036,33.4651],[-79.8019,33.4626],[-79.7971,33.4616],[-79.7908,33.4628],[-79.7872,33.4609],[-79.7827,33.4621],[-79.7778,33.4626],[-79.7749,33.4605],[-79.7678,33.458],[-79.7652,33.4534],[-79.763,33.4523],[-79.7544,33.4521],[-79.7507,33.4496],[-79.7483,33.4486],[-79.747,33.4469],[-79.7442,33.445],[-79.7402,33.4446],[-79.7323,33.4473],[-79.7261,33.4488],[-79.7193,33.4499],[-79.7144,33.4492],[-79.7071,33.4445],[-79.7047,33.442],[-79.703,33.4389],[-79.6987,33.4372],[-79.6983,33.4356],[-79.6989,33.4319],[-79.6965,33.4298],[-79.6967,33.425],[-79.6951,33.4223],[-79.6922,33.421],[-79.6903,33.418],[-79.6791,33.4135],[-79.6743,33.4121],[-79.6739,33.4114],[-79.6745,33.4026],[-79.6773,33.3992],[-79.6777,33.3964],[-79.6771,33.3939],[-79.6735,33.3901],[-79.671,33.388],[-79.6642,33.384],[-79.6592,33.3827],[-79.6513,33.3828],[-79.6314,33.3764],[-79.6322,33.3748],[-79.6303,33.3716],[-79.6243,33.3683],[-79.6196,33.3633],[-79.6154,33.3605],[-79.6076,33.358],[-79.6059,33.3566],[-79.6068,33.3545],[-79.6111,33.3507],[-79.6128,33.3483],[-79.6135,33.3455],[-79.6128,33.3415],[-79.6101,33.3369],[-79.6064,33.3342],[-79.6007,33.3308],[-79.5963,33.3301],[-79.5915,33.3288],[-79.5882,33.3287],[-79.5818,33.3304],[-79.5773,33.3343],[-79.5755,33.3345],[-79.5707,33.3307],[-79.5651,33.3244],[-79.5571,33.3234],[-79.549,33.3208],[-79.5416,33.3203],[-79.5371,33.3209],[-79.5326,33.3208],[-79.5299,33.3212],[-79.5247,33.3178],[-79.515,33.3121],[-79.5116,33.3107],[-79.5037,33.3097],[-79.5021,33.3091],[-79.4987,33.3057],[-79.493,33.3017],[-79.4869,33.3047],[-79.4842,33.3049],[-79.4806,33.3069],[-79.4803,33.3083],[-79.4833,33.316],[-79.4824,33.3178],[-79.4804,33.3258],[-79.4792,33.3281],[-79.4765,33.3306],[-79.4744,33.3309],[-79.472,33.3287],[-79.4695,33.3234],[-79.4684,33.316],[-79.469,33.3107],[-79.4678,33.3078],[-79.4661,33.306],[-79.4649,33.3026],[-79.4658,33.3002],[-79.4645,33.2982],[-79.4617,33.2965],[-79.4578,33.2953],[-79.4505,33.2891],[-79.4471,33.2856],[-79.445,33.2822],[-79.4408,33.2787],[-79.4344,33.2749],[-79.4308,33.2719],[-79.4244,33.2624],[-79.4221,33.2624],[-79.4178,33.261],[-79.4072,33.2592],[-79.4032,33.2542],[-79.3982,33.2536],[-79.3959,33.2551],[-79.3925,33.2583],[-79.3904,33.2594],[-79.3885,33.2652],[-79.3881,33.2682],[-79.3869,33.2716],[-79.3826,33.2737],[-79.3783,33.2735],[-79.3765,33.2743],[-79.3758,33.2776],[-79.3766,33.2812],[-79.3763,33.284],[-79.3746,33.2858],[-79.3722,33.2851],[-79.3697,33.2817],[-79.3658,33.279],[-79.3623,33.2794],[-79.3592,33.2787],[-79.3568,33.2762],[-79.3543,33.2751],[-79.3556,33.2719],[-79.3596,33.2669],[-79.3584,33.2659],[-79.355,33.2666],[-79.347,33.2672],[-79.3384,33.2668],[-79.3367,33.2651],[-79.3361,33.261],[-79.334,33.2614],[-79.331,33.2647],[-79.319,33.2738],[-79.315,33.2764],[-79.3116,33.2776],[-79.3083,33.2807],[-79.3052,33.2801],[-79.3035,33.2751],[-79.3021,33.273],[-79.2973,33.2711],[-79.2961,33.27],[-79.2986,33.2684],[-79.3021,33.2641],[-79.3059,33.2612],[-79.3101,33.2573],[-79.3156,33.2533],[-79.3209,33.2486],[-79.3226,33.2465],[-79.3243,33.2408],[-79.3238,33.2392],[-79.3211,33.239],[-79.3145,33.241],[-79.311,33.2403],[-79.3093,33.2376],[-79.3114,33.2311],[-79.3112,33.2262],[-79.308,33.228],[-79.3049,33.2354],[-79.3021,33.2391],[-79.2981,33.2427],[-79.2906,33.2487],[-79.287,33.2507],[-79.2763,33.2534],[-79.268,33.2541],[-79.2653,33.2538],[-79.2602,33.2513],[-79.2584,33.2497],[-79.2577,33.2464],[-79.2594,33.2396],[-79.2595,33.2334],[-79.2591,33.2202],[-79.2582,33.2146],[-79.2558,33.2076],[-79.2542,33.2061],[-79.2502,33.2049],[-79.2458,33.2056],[-79.2436,33.2049],[-79.2426,33.2023],[-79.2426,33.1994],[-79.2433,33.1966],[-79.2452,33.1929],[-79.2425,33.1876],[-79.2359,33.1835],[-79.2286,33.1801],[-79.2199,33.1781],[-79.2156,33.1782],[-79.2109,33.1792],[-79.2066,33.1794],[-79.208,33.1759],[-79.2101,33.1721],[-79.2163,33.1651],[-79.2189,33.1579],[-79.2268,33.1478],[-79.2332,33.1408],[-79.2329,33.1388],[-79.2304,33.1362],[-79.2204,33.1277],[-79.2143,33.1241],[-79.2023,33.118],[-79.2018,33.1149],[-79.1996,33.1142],[-79.1981,33.1163],[-79.195,33.1184],[-79.1893,33.1204],[-79.1823,33.1206],[-79.1806,33.121],[-79.1757,33.1243],[-79.169,33.1251],[-79.157,33.1249]]]},"properties":{"basin_name":"Pee Dee","color":"#2f7f68","label_lat":34.42,"label_lng":-80.05,"scope":"Yadkin–Pee Dee and Winyah Bay system: Wachovia and Salisbury through Cheraws, Lynches, Kingstree, Black Mingo, Snow’s Island, and Georgetown.","historical_note":"Modern terrain-based watershed boundary used as a geographic framework; it is not an eighteenth-century administrative boundary.","source_hucs":"03040101|03040102|03040103|03040104|03040105|03040201|03040202|03040203|03040204|03040205|03040206|03040207|03040208","source_names":"Upper Yadkin|South Yadkin|Lower Yadkin|Upper Pee Dee|Rocky|Lower Pee Dee|Lynches|Lumber|Little Pee Dee|Black|Waccamaw|Carolina Coastal-Sampit|Coastal Carolina","component_count":13,"basin_id":"pee-dee","area_sq_km":48857.87}},{"type":"Feature","geometry":{"type":"Polygon","coordinates":[[[-81.6611,36.1174],[-81.6626,36.118],[-81.6676,36.1218],[-81.67,36.121],[-81.673,36.1216],[-81.6761,36.1231],[-81.6776,36.1253],[-81.6773,36.1275],[-81.6788,36.1308],[-81.6785,36.1337],[-81.6791,36.1372],[-81.6865,36.1389],[-81.6882,36.1371],[-81.6899,36.1383],[-81.6948,36.1379],[-81.6962,36.1412],[-81.6956,36.145],[-81.6943,36.1461],[-81.6951,36.1481],[-81.698,36.1466],[-81.7044,36.1461],[-81.7055,36.1455],[-81.7101,36.141],[-81.7103,36.1394],[-81.7124,36.1379],[-81.7121,36.1336],[-81.7124,36.1313],[-81.7142,36.129],[-81.7161,36.1282],[-81.7166,36.1246],[-81.7187,36.1214],[-81.7222,36.1191],[-81.7252,36.1202],[-81.7253,36.1226],[-81.727,36.1233],[-81.7289,36.1221],[-81.7349,36.1225],[-81.7376,36.1235],[-81.7394,36.121],[-81.7439,36.1207],[-81.7465,36.1215],[-81.7495,36.1193],[-81.754,36.1209],[-81.7602,36.1205],[-81.7623,36.1212],[-81.7635,36.1202],[-81.766,36.1204],[-81.7691,36.119],[-81.7716,36.1192],[-81.7745,36.1173],[-81.7763,36.1169],[-81.7808,36.1144],[-81.7863,36.1132],[-81.7924,36.1129],[-81.7949,36.1114],[-81.8014,36.1089],[-81.8061,36.1108],[-81.8103,36.1115],[-81.8158,36.1106],[-81.8197,36.1125],[-81.8257,36.1143],[-81.827,36.1155],[-81.8317,36.1142],[-81.8379,36.1156],[-81.8396,36.1175],[-81.8376,36.1197],[-81.838,36.1219],[-81.8406,36.1242],[-81.8383,36.1274],[-81.8421,36.1291],[-81.8456,36.1292],[-81.8481,36.1254],[-81.8539,36.1231],[-81.8544,36.1179],[-81.8561,36.1163],[-81.8595,36.115],[-81.8624,36.1153],[-81.865,36.1146],[-81.8695,36.1224],[-81.8718,36.123],[-81.8756,36.125],[-81.8769,36.1229],[-81.8798,36.121],[-81.8886,36.1131],[-81.8909,36.107],[-81.89,36.1028],[-81.8903,36.097],[-81.888,36.0957],[-81.8837,36.0901],[-81.8853,36.0887],[-81.8879,36.0844],[-81.8877,36.0799],[-81.892,36.0776],[-81.8943,36.0745],[-81.8942,36.0725],[-81.897,36.0681],[-81.8966,36.0634],[-81.8995,36.0628],[-81.9018,36.0637],[-81.9038,36.063],[-81.9075,36.0634],[-81.9108,36.0646],[-81.9132,36.0679],[-81.9198,36.0672],[-81.9203,36.0658],[-81.9234,36.0642],[-81.9235,36.0631],[-81.9282,36.0617],[-81.9293,36.0602],[-81.9338,36.0602],[-81.9383,36.0627],[-81.9428,36.061],[-81.9424,36.0587],[-81.938,36.0558],[-81.936,36.0553],[-81.9353,36.0528],[-81.9367,36.0511],[-81.9363,36.0481],[-81.9372,36.0457],[-81.9395,36.0441],[-81.9416,36.0417],[-81.9447,36.0391],[-81.9477,36.0394],[-81.9519,36.036],[-81.9558,36.0312],[-81.9565,36.0256],[-81.9581,36.0243],[-81.9624,36.0166],[-81.9608,36.0141],[-81.9637,36.0132],[-81.9645,36.011],[-81.9631,36.0068],[-81.9601,36.0075],[-81.9552,36.0062],[-81.9532,36.0021],[-81.9551,36.0011],[-81.9518,35.9981],[-81.9527,35.9953],[-81.9506,35.9943],[-81.9515,35.9919],[-81.9512,35.9879],[-81.9527,35.9867],[-81.955,35.9864],[-81.9564,35.9838],[-81.9556,35.98],[-81.9558,35.977],[-81.9578,35.9752],[-81.9595,35.975],[-81.9608,35.9734],[-81.9648,35.9722],[-81.9612,35.9688],[-81.9612,35.9679],[-81.9561,35.9661],[-81.9543,35.9641],[-81.9552,35.9614],[-81.9587,35.9611],[-81.9597,35.9588],[-81.961,35.951],[-81.9637,35.9469],[-81.9623,35.9442],[-81.9633,35.9402],[-81.9629,35.9383],[-81.9548,35.9324],[-81.9545,35.9269],[-81.9568,35.9254],[-81.9605,35.9212],[-81.9649,35.9209],[-81.965,35.9192],[-81.9674,35.9194],[-81.9702,35.9164],[-81.9721,35.9152],[-81.976,35.9154],[-81.978,35.9146],[-81.9794,35.9125],[-81.9823,35.9116],[-81.9816,35.9079],[-81.9792,35.9017],[-81.9802,35.8989],[-81.9799,35.8962],[-81.981,35.8883],[-81.9802,35.8853],[-81.9834,35.8835],[-81.9864,35.8811],[-81.9905,35.8797],[-81.9921,35.8761],[-81.9967,35.8743],[-81.9997,35.8742],[-82.0035,35.8759],[-82.0032,35.8781],[-82.0044,35.8803],[-82.0077,35.8827],[-82.0144,35.8853],[-82.0172,35.8856],[-82.0226,35.8851],[-82.0252,35.8827],[-82.0262,35.8804],[-82.0287,35.8793],[-82.0274,35.8777],[-82.0287,35.8755],[-82.0295,35.8712],[-82.0296,35.8677],[-82.0331,35.8649],[-82.0345,35.8614],[-82.0373,35.8586],[-82.0393,35.8586],[-82.0477,35.8534],[-82.0528,35.852],[-82.056,35.8524],[-82.0584,35.8514],[-82.0647,35.8515],[-82.0676,35.8502],[-82.0714,35.8505],[-82.0744,35.8485],[-82.0823,35.8496],[-82.0849,35.8494],[-82.0866,35.8506],[-82.0893,35.851],[-82.0914,35.8494],[-82.0934,35.85],[-82.0953,35.8519],[-82.0972,35.8523],[-82.0996,35.8515],[-82.0996,35.8489],[-82.1008,35.843],[-82.1027,35.8399],[-82.1059,35.8389],[-82.1098,35.8351],[-82.1133,35.8345],[-82.117,35.8331],[-82.1197,35.8277],[-82.1202,35.8254],[-82.1215,35.8244],[-82.1248,35.824],[-82.13,35.8252],[-82.1333,35.8243],[-82.134,35.8208],[-82.1365,35.8188],[-82.1373,35.8172],[-82.1415,35.814],[-82.1424,35.8125],[-82.1462,35.8117],[-82.1493,35.8103],[-82.15,35.8091],[-82.1483,35.8074],[-82.148,35.8038],[-82.1524,35.8041],[-82.1561,35.8013],[-82.1592,35.8009],[-82.1602,35.7987],[-82.1623,35.7973],[-82.1616,35.7953],[-82.1628,35.7929],[-82.165,35.792],[-82.1679,35.7894],[-82.1679,35.7876],[-82.1666,35.7844],[-82.1598,35.7812],[-82.1585,35.7795],[-82.1611,35.774],[-82.1642,35.7728],[-82.1641,35.7709],[-82.1657,35.7699],[-82.1664,35.7676],[-82.1683,35.7651],[-82.1698,35.7644],[-82.1706,35.7624],[-82.1697,35.7612],[-82.1731,35.7589],[-82.1765,35.7581],[-82.177,35.7565],[-82.1826,35.7535],[-82.1845,35.7534],[-82.1856,35.7494],[-82.1888,35.7444],[-82.1885,35.7431],[-82.1908,35.7412],[-82.1909,35.7397],[-82.1931,35.7374],[-82.1936,35.7348],[-82.1981,35.7361],[-82.2003,35.734],[-82.2037,35.733],[-82.2054,35.7309],[-82.2081,35.7295],[-82.21,35.7265],[-82.2137,35.7243],[-82.2161,35.7243],[-82.2237,35.7205],[-82.225,35.7188],[-82.2273,35.7187],[-82.2308,35.7177],[-82.2335,35.7152],[-82.238,35.7135],[-82.2427,35.7127],[-82.2437,35.7099],[-82.2491,35.7071],[-82.252,35.7067],[-82.2563,35.7018],[-82.257,35.6997],[-82.2588,35.6988],[-82.2644,35.7006],[-82.2668,35.7006],[-82.2689,35.7032],[-82.271,35.7043],[-82.2755,35.7047],[-82.281,35.7024],[-82.2833,35.6991],[-82.2892,35.696],[-82.2891,35.6939],[-82.2926,35.6891],[-82.2949,35.6841],[-82.2907,35.6817],[-82.2896,35.6803],[-82.2841,35.6768],[-82.2839,35.6751],[-82.2822,35.6722],[-82.2804,35.6679],[-82.2855,35.6617],[-82.2866,35.6581],[-82.2859,35.6569],[-82.2867,35.6528],[-82.2857,35.6483],[-82.2832,35.6469],[-82.2832,35.6432],[-82.282,35.6395],[-82.281,35.6387],[-82.2761,35.6378],[-82.2716,35.6331],[-82.2717,35.6303],[-82.2741,35.6287],[-82.2717,35.6245],[-82.2722,35.6218],[-82.2702,35.6217],[-82.2643,35.6191],[-82.265,35.6139],[-82.2703,35.6114],[-82.2775,35.6102],[-82.2806,35.6088],[-82.2822,35.606],[-82.2823,35.603],[-82.2849,35.6026],[-82.289,35.5994],[-82.2896,35.5966],[-82.2916,35.5949],[-82.2915,35.5906],[-82.2957,35.5885],[-82.2956,35.587],[-82.2992,35.5851],[-82.3053,35.584],[-82.3098,35.5838],[-82.3134,35.5828],[-82.326,35.5817],[-82.3287,35.5786],[-82.3317,35.5766],[-82.3331,35.574],[-82.3366,35.5723],[-82.3371,35.5701],[-82.3402,35.5684],[-82.3427,35.5689],[-82.3428,35.5644],[-82.3445,35.5614],[-82.3398,35.5573],[-82.3374,35.5563],[-82.3308,35.5547],[-82.3272,35.5532],[-82.324,35.5504],[-82.3232,35.5479],[-82.3276,35.5463],[-82.3316,35.542],[-82.3376,35.5411],[-82.3403,35.5372],[-82.3421,35.5323],[-82.3434,35.5306],[-82.344,35.5281],[-82.3413,35.5263],[-82.3404,35.5237],[-82.3364,35.5179],[-82.3341,35.5164],[-82.3237,35.5175],[-82.3217,35.517],[-82.3195,35.5152],[-82.3172,35.5122],[-82.3166,35.5099],[-82.3152,35.5086],[-82.3141,35.5058],[-82.3174,35.5042],[-82.322,35.5043],[-82.3238,35.5026],[-82.326,35.5024],[-82.3283,35.501],[-82.3338,35.5008],[-82.3382,35.498],[-82.3396,35.4947],[-82.3386,35.4922],[-82.3392,35.49],[-82.3408,35.489],[-82.3441,35.489],[-82.3473,35.488],[-82.3515,35.4898],[-82.3562,35.4906],[-82.3587,35.4885],[-82.3596,35.486],[-82.3611,35.485],[-82.364,35.4863],[-82.3657,35.4855],[-82.3693,35.4856],[-82.3719,35.4801],[-82.3701,35.4772],[-82.3707,35.4745],[-82.3705,35.4713],[-82.3681,35.4686],[-82.3673,35.4641],[-82.363,35.4609],[-82.3571,35.461],[-82.3516,35.4631],[-82.3491,35.4653],[-82.3472,35.4654],[-82.3431,35.4637],[-82.3383,35.464],[-82.333,35.4603],[-82.3289,35.4596],[-82.3269,35.4551],[-82.3225,35.4541],[-82.319,35.4553],[-82.3178,35.4565],[-82.3128,35.4543],[-82.3115,35.452],[-82.3143,35.4455],[-82.3149,35.4424],[-82.3139,35.44],[-82.3136,35.4371],[-82.3158,35.436],[-82.3178,35.4326],[-82.3182,35.4302],[-82.3176,35.4278],[-82.3191,35.4268],[-82.3208,35.4233],[-82.3273,35.4245],[-82.33,35.4263],[-82.3306,35.4215],[-82.33,35.4196],[-82.328,35.4192],[-82.3298,35.417],[-82.3315,35.4164],[-82.3321,35.4141],[-82.335,35.4147],[-82.3376,35.4128],[-82.34,35.4142],[-82.3414,35.4133],[-82.3452,35.4131],[-82.3441,35.4103],[-82.3457,35.4086],[-82.3445,35.4037],[-82.3384,35.3998],[-82.3338,35.3998],[-82.335,35.3974],[-82.3328,35.3946],[-82.3314,35.3894],[-82.3253,35.3861],[-82.3216,35.3834],[-82.3202,35.3869],[-82.3144,35.3898],[-82.3133,35.3912],[-82.3091,35.3903],[-82.3093,35.3859],[-82.3107,35.3829],[-82.3098,35.38],[-82.3106,35.3779],[-82.3136,35.3775],[-82.3151,35.3763],[-82.3143,35.3731],[-82.3154,35.371],[-82.3205,35.365],[-82.3238,35.3636],[-82.3274,35.3628],[-82.3316,35.3633],[-82.3326,35.3605],[-82.3382,35.3608],[-82.3434,35.3645],[-82.3461,35.3644],[-82.3493,35.3632],[-82.3525,35.3581],[-82.352,35.3571],[-82.3549,35.3557],[-82.3559,35.3544],[-82.3556,35.3522],[-82.3598,35.3503],[-82.3606,35.3492],[-82.3652,35.3483],[-82.3666,35.346],[-82.3669,35.3425],[-82.3707,35.3436],[-82.3717,35.3409],[-82.3735,35.3389],[-82.3734,35.3371],[-82.3765,35.3352],[-82.3748,35.3332],[-82.3754,35.3273],[-82.3732,35.3252],[-82.3746,35.3234],[-82.3671,35.3197],[-82.3645,35.3193],[-82.3642,35.3177],[-82.3656,35.3152],[-82.3735,35.3095],[-82.3739,35.3083],[-82.3772,35.3077],[-82.3794,35.3061],[-82.379,35.3026],[-82.3813,35.3011],[-82.3804,35.2981],[-82.3837,35.2961],[-82.3862,35.2968],[-82.388,35.2961],[-82.3891,35.2977],[-82.3909,35.2972],[-82.3915,35.2916],[-82.3949,35.2903],[-82.3953,35.2888],[-82.3978,35.2893],[-82.4024,35.2889],[-82.4049,35.288],[-82.4052,35.2865],[-82.4035,35.2792],[-82.4022,35.2751],[-82.403,35.2698],[-82.4056,35.2659],[-82.4096,35.2673],[-82.4158,35.2666],[-82.414,35.2586],[-82.4148,35.2575],[-82.4199,35.2566],[-82.4248,35.2561],[-82.4271,35.2527],[-82.4277,35.25],[-82.4292,35.2467],[-82.4347,35.2431],[-82.44,35.2439],[-82.4448,35.2439],[-82.447,35.2431],[-82.4505,35.2428],[-82.4553,35.2431],[-82.4595,35.2454],[-82.4634,35.2446],[-82.4651,35.2403],[-82.4667,35.2386],[-82.4704,35.2387],[-82.4728,35.2363],[-82.4776,35.2379],[-82.4842,35.2381],[-82.4866,35.2371],[-82.4909,35.2371],[-82.4926,35.2381],[-82.4957,35.238],[-82.4971,35.236],[-82.5008,35.2339],[-82.5047,35.2331],[-82.5085,35.2337],[-82.5152,35.2332],[-82.5163,35.2341],[-82.5192,35.2335],[-82.522,35.2321],[-82.5266,35.2322],[-82.5288,35.2329],[-82.5328,35.2332],[-82.5396,35.2295],[-82.5402,35.227],[-82.5419,35.224],[-82.5443,35.223],[-82.5462,35.221],[-82.5486,35.2201],[-82.5495,35.2171],[-82.5493,35.213],[-82.5513,35.2115],[-82.552,35.2079],[-82.5514,35.2071],[-82.5533,35.2027],[-82.5527,35.2007],[-82.5494,35.2026],[-82.5462,35.2014],[-82.5453,35.1999],[-82.542,35.1982],[-82.5433,35.1968],[-82.5415,35.1933],[-82.5477,35.189],[-82.552,35.1895],[-82.5555,35.1886],[-82.5567,35.1829],[-82.5595,35.1806],[-82.5645,35.181],[-82.5677,35.1794],[-82.569,35.1776],[-82.5692,35.1734],[-82.5718,35.1729],[-82.5749,35.1762],[-82.5783,35.1749],[-82.579,35.1729],[-82.5814,35.1716],[-82.5838,35.169],[-82.5868,35.168],[-82.588,35.166],[-82.591,35.1644],[-82.5913,35.1619],[-82.5888,35.1594],[-82.5859,35.1592],[-82.5868,35.1563],[-82.5851,35.1515],[-82.5802,35.1504],[-82.5776,35.1486],[-82.5778,35.1434],[-82.5801,35.1415],[-82.583,35.1431],[-82.5886,35.1431],[-82.5921,35.1415],[-82.5923,35.1396],[-82.598,35.1384],[-82.6071,35.1399],[-82.6087,35.1395],[-82.6113,35.1403],[-82.6137,35.14],[-82.6152,35.1369],[-82.6232,35.1347],[-82.6251,35.132],[-82.6247,35.1307],[-82.6282,35.1262],[-82.6337,35.1253],[-82.6349,35.1258],[-82.6365,35.1303],[-82.6401,35.1302],[-82.6413,35.1325],[-82.6434,35.1306],[-82.6451,35.127],[-82.6521,35.1261],[-82.6522,35.123],[-82.6552,35.1215],[-82.6569,35.1189],[-82.661,35.1194],[-82.6623,35.1182],[-82.668,35.1186],[-82.6698,35.1205],[-82.6734,35.1174],[-82.6745,35.1182],[-82.6734,35.1204],[-82.6733,35.1238],[-82.6745,35.1264],[-82.679,35.128],[-82.6814,35.1281],[-82.6831,35.1261],[-82.6871,35.1255],[-82.6864,35.1218],[-82.6881,35.1191],[-82.6927,35.1186],[-82.6947,35.1154],[-82.6935,35.1128],[-82.6871,35.1103],[-82.6868,35.1079],[-82.6889,35.1064],[-82.6899,35.1041],[-82.6918,35.102],[-82.6958,35.0986],[-82.6979,35.0955],[-82.7008,35.1006],[-82.7026,35.0988],[-82.7059,35.0985],[-82.7083,35.0963],[-82.7096,35.0966],[-82.7113,35.0945],[-82.7155,35.0931],[-82.7239,35.0946],[-82.7281,35.094],[-82.73,35.0908],[-82.7295,35.0894],[-82.7311,35.0872],[-82.735,35.0872],[-82.7355,35.0841],[-82.7367,35.0814],[-82.7397,35.0802],[-82.7392,35.0776],[-82.7411,35.0777],[-82.7503,35.0816],[-82.7517,35.0791],[-82.7511,35.0733],[-82.7531,35.0698],[-82.7565,35.0675],[-82.76,35.0674],[-82.7633,35.0682],[-82.7687,35.0668],[-82.7709,35.0672],[-82.7718,35.0658],[-82.7743,35.0645],[-82.7722,35.0624],[-82.7704,35.0592],[-82.7693,35.0548],[-82.7677,35.0536],[-82.7657,35.05],[-82.7662,35.0485],[-82.765,35.0458],[-82.7645,35.0415],[-82.7625,35.0385],[-82.7653,35.0344],[-82.7643,35.0328],[-82.7663,35.0308],[-82.7688,35.0266],[-82.7722,35.0247],[-82.7757,35.0211],[-82.7785,35.0193],[-82.7829,35.0183],[-82.7873,35.015],[-82.7886,35.0134],[-82.7911,35.0138],[-82.7996,35.0177],[-82.8039,35.017],[-82.8044,35.014],[-82.8038,35.01],[-82.8048,35.0068],[-82.8061,35.0051],[-82.803,35.0019],[-82.8036,35.0003],[-82.8005,34.9999],[-82.7959,34.9985],[-82.7923,34.9968],[-82.7892,34.9962],[-82.7858,34.9966],[-82.7861,34.9942],[-82.7817,34.9925],[-82.7792,34.9904],[-82.7768,34.9902],[-82.7729,34.9919],[-82.7704,34.9917],[-82.7673,34.9899],[-82.7679,34.9875],[-82.7675,34.9815],[-82.767,34.9811],[-82.76,34.9802],[-82.7566,34.9824],[-82.7534,34.9825],[-82.7532,34.9848],[-82.7496,34.985],[-82.7481,34.9857],[-82.7454,34.9841],[-82.743,34.9834],[-82.7399,34.984],[-82.7387,34.9816],[-82.7364,34.9794],[-82.7312,34.9792],[-82.7269,34.9781],[-82.7219,34.9789],[-82.7209,34.9785],[-82.7182,34.9748],[-82.712,34.9763],[-82.7073,34.9747],[-82.7065,34.9732],[-82.7039,34.9721],[-82.702,34.9767],[-82.7004,34.9834],[-82.696,34.9827],[-82.6887,34.9848],[-82.688,34.9865],[-82.6845,34.9856],[-82.6843,34.9831],[-82.682,34.9803],[-82.6807,34.9815],[-82.6782,34.9812],[-82.6765,34.9783],[-82.6773,34.9767],[-82.6752,34.9735],[-82.6718,34.9723],[-82.6722,34.9699],[-82.6676,34.9692],[-82.666,34.9681],[-82.6662,34.9643],[-82.6709,34.963],[-82.6682,34.9572],[-82.664,34.9574],[-82.6608,34.9567],[-82.6583,34.9596],[-82.6603,34.9619],[-82.6546,34.9649],[-82.6521,34.9678],[-82.65,34.9667],[-82.6498,34.9626],[-82.6478,34.9609],[-82.6477,34.9592],[-82.6498,34.9581],[-82.6459,34.9569],[-82.6444,34.9555],[-82.6408,34.9544],[-82.6416,34.9509],[-82.64,34.9497],[-82.6361,34.9499],[-82.6352,34.9491],[-82.6365,34.9463],[-82.6363,34.9439],[-82.6372,34.9421],[-82.642,34.9387],[-82.6429,34.9387],[-82.6474,34.936],[-82.6494,34.9321],[-82.6481,34.9313],[-82.6471,34.9273],[-82.6441,34.924],[-82.6441,34.9225],[-82.6408,34.9236],[-82.6352,34.9238],[-82.6293,34.921],[-82.6292,34.9195],[-82.6271,34.9189],[-82.6242,34.9196],[-82.6213,34.917],[-82.617,34.9174],[-82.6145,34.9194],[-82.6106,34.9183],[-82.6059,34.9127],[-82.6059,34.9112],[-82.6,34.9031],[-82.604,34.9009],[-82.6042,34.897],[-82.6078,34.8962],[-82.6094,34.8936],[-82.6142,34.8936],[-82.6156,34.8918],[-82.6191,34.8899],[-82.6199,34.885],[-82.6182,34.8848],[-82.6164,34.883],[-82.614,34.878],[-82.612,34.877],[-82.6123,34.8754],[-82.61,34.8716],[-82.6159,34.8696],[-82.6183,34.8701],[-82.6205,34.8693],[-82.6201,34.8677],[-82.6161,34.8651],[-82.6149,34.8613],[-82.6147,34.858],[-82.6176,34.858],[-82.6205,34.8547],[-82.6249,34.8523],[-82.6212,34.8506],[-82.623,34.8465],[-82.6231,34.8447],[-82.6207,34.8405],[-82.618,34.8394],[-82.6185,34.8363],[-82.6165,34.8307],[-82.6121,34.8298],[-82.6106,34.8285],[-82.6109,34.8269],[-82.6084,34.8217],[-82.6045,34.818],[-82.6027,34.817],[-82.6031,34.813],[-82.606,34.8082],[-82.6049,34.806],[-82.6014,34.8037],[-82.5979,34.7968],[-82.5942,34.7967],[-82.591,34.7929],[-82.59,34.79],[-82.5882,34.7897],[-82.587,34.7879],[-82.5827,34.7884],[-82.5787,34.7851],[-82.5807,34.7835],[-82.5826,34.7801],[-82.5791,34.7793],[-82.5777,34.7764],[-82.5763,34.7753],[-82.5759,34.773],[-82.572,34.7704],[-82.5762,34.7691],[-82.5753,34.7651],[-82.5718,34.7652],[-82.5673,34.7637],[-82.5657,34.764],[-82.562,34.7627],[-82.5597,34.7605],[-82.5557,34.7602],[-82.554,34.7575],[-82.5555,34.7541],[-82.5554,34.7525],[-82.5536,34.7515],[-82.5536,34.7489],[-82.5551,34.7474],[-82.5536,34.7424],[-82.5499,34.7418],[-82.5485,34.7405],[-82.55,34.7386],[-82.5494,34.7331],[-82.5497,34.7294],[-82.5492,34.7281],[-82.5521,34.7256],[-82.5548,34.7247],[-82.5554,34.7225],[-82.5576,34.7212],[-82.561,34.7208],[-82.563,34.7188],[-82.5648,34.718],[-82.5632,34.7158],[-82.5604,34.7103],[-82.5579,34.709],[-82.5566,34.706],[-82.5585,34.7022],[-82.5576,34.6983],[-82.5551,34.6948],[-82.555,34.6922],[-82.55,34.6852],[-82.5494,34.6828],[-82.5445,34.6803],[-82.5406,34.6764],[-82.5341,34.6737],[-82.533,34.6715],[-82.5341,34.6687],[-82.5376,34.6631],[-82.5403,34.66],[-82.5369,34.6593],[-82.5311,34.6558],[-82.5305,34.6542],[-82.5278,34.652],[-82.5272,34.6506],[-82.5238,34.6497],[-82.5228,34.6468],[-82.5243,34.6441],[-82.5251,34.6411],[-82.5272,34.6395],[-82.5278,34.6362],[-82.5298,34.6351],[-82.5283,34.6325],[-82.5282,34.63],[-82.5265,34.6277],[-82.5232,34.6254],[-82.5199,34.6201],[-82.5174,34.62],[-82.5147,34.6179],[-82.5113,34.6182],[-82.5088,34.6169],[-82.5049,34.6159],[-82.5018,34.6132],[-82.5001,34.61],[-82.5007,34.6063],[-82.5005,34.6021],[-82.499,34.6003],[-82.4986,34.5968],[-82.499,34.591],[-82.4988,34.5875],[-82.4974,34.5834],[-82.4977,34.582],[-82.4962,34.5787],[-82.4967,34.5756],[-82.4936,34.5735],[-82.4911,34.5731],[-82.4877,34.5702],[-82.4866,34.5674],[-82.4884,34.5642],[-82.4919,34.5615],[-82.4919,34.559],[-82.4933,34.5572],[-82.4945,34.5508],[-82.4934,34.5468],[-82.496,34.5442],[-82.4948,34.5414],[-82.496,34.5362],[-82.4951,34.5319],[-82.4964,34.5274],[-82.4964,34.5252],[-82.4938,34.5226],[-82.4915,34.5167],[-82.4903,34.5159],[-82.4873,34.516],[-82.4849,34.5151],[-82.4793,34.5143],[-82.4766,34.5125],[-82.4736,34.5078],[-82.4694,34.5045],[-82.4669,34.5034],[-82.4661,34.5014],[-82.4625,34.4991],[-82.4628,34.4972],[-82.4597,34.4964],[-82.4587,34.4948],[-82.4592,34.4926],[-82.4582,34.4914],[-82.4584,34.4875],[-82.46,34.4848],[-82.4599,34.483],[-82.4573,34.4799],[-82.4558,34.48],[-82.4491,34.4767],[-82.4447,34.4761],[-82.4428,34.4777],[-82.4384,34.4776],[-82.4364,34.4754],[-82.4293,34.474],[-82.4261,34.4714],[-82.4238,34.4707],[-82.421,34.4674],[-82.4197,34.4666],[-82.4175,34.463],[-82.4154,34.462],[-82.4119,34.4615],[-82.407,34.4553],[-82.4068,34.4535],[-82.4011,34.4531],[-82.3958,34.4492],[-82.3924,34.449],[-82.3919,34.4463],[-82.3891,34.4412],[-82.3877,34.4398],[-82.3867,34.4363],[-82.3873,34.435],[-82.3865,34.4283],[-82.3882,34.4263],[-82.3898,34.4225],[-82.3887,34.4211],[-82.3843,34.4199],[-82.3807,34.4158],[-82.3773,34.4139],[-82.3753,34.4095],[-82.372,34.4052],[-82.37,34.4034],[-82.3673,34.4028],[-82.365,34.4004],[-82.3646,34.398],[-82.3621,34.3945],[-82.3617,34.3917],[-82.3591,34.3903],[-82.3586,34.3883],[-82.3531,34.3844],[-82.3493,34.3801],[-82.3482,34.3763],[-82.3452,34.3753],[-82.3432,34.3735],[-82.3345,34.3704],[-82.3311,34.3695],[-82.3236,34.3654],[-82.3226,34.3636],[-82.3203,34.3623],[-82.319,34.3605],[-82.3158,34.3594],[-82.3124,34.3598],[-82.3098,34.359],[-82.3077,34.3606],[-82.3046,34.3586],[-82.303,34.359],[-82.2994,34.3581],[-82.2972,34.356],[-82.2984,34.3511],[-82.2976,34.3498],[-82.2921,34.346],[-82.2924,34.343],[-82.2895,34.3407],[-82.2889,34.339],[-82.2913,34.3375],[-82.2908,34.3336],[-82.2915,34.3306],[-82.291,34.3292],[-82.2915,34.3252],[-82.2885,34.3225],[-82.2874,34.3204],[-82.2826,34.3174],[-82.278,34.3152],[-82.2772,34.3124],[-82.2721,34.3103],[-82.2714,34.309],[-82.2686,34.308],[-82.2673,34.3054],[-82.2633,34.305],[-82.2622,34.3026],[-82.2628,34.3012],[-82.2597,34.2979],[-82.2574,34.2974],[-82.2557,34.295],[-82.2544,34.2947],[-82.2513,34.2917],[-82.2517,34.29],[-82.2483,34.2872],[-82.2397,34.2838],[-82.239,34.2811],[-82.2398,34.279],[-82.2386,34.2782],[-82.238,34.2686],[-82.2357,34.2681],[-82.2336,34.2652],[-82.2336,34.2627],[-82.2293,34.2625],[-82.2261,34.2585],[-82.2261,34.2574],[-82.2296,34.2551],[-82.2324,34.2543],[-82.2315,34.2517],[-82.2291,34.2513],[-82.2272,34.2487],[-82.2248,34.248],[-82.2226,34.2456],[-82.2203,34.2443],[-82.2194,34.2424],[-82.2188,34.2385],[-82.2175,34.2372],[-82.2134,34.2384],[-82.2078,34.237],[-82.2038,34.2315],[-82.203,34.2288],[-82.2002,34.2241],[-82.2003,34.2223],[-82.2041,34.2199],[-82.2028,34.2173],[-82.2071,34.2146],[-82.2077,34.2135],[-82.2074,34.2092],[-82.2047,34.2065],[-82.2034,34.2044],[-82.2007,34.2022],[-82.1967,34.2014],[-82.195,34.1978],[-82.1926,34.1952],[-82.1834,34.1949],[-82.1809,34.1938],[-82.1761,34.1961],[-82.1713,34.1973],[-82.1677,34.1976],[-82.1659,34.1972],[-82.1613,34.1942],[-82.1602,34.1903],[-82.1609,34.1887],[-82.1592,34.1867],[-82.1564,34.1861],[-82.1543,34.1828],[-82.1538,34.18],[-82.1484,34.1765],[-82.1465,34.1743],[-82.1452,34.1716],[-82.1453,34.1698],[-82.1467,34.1673],[-82.146,34.165],[-82.1414,34.1608],[-82.1396,34.1597],[-82.1391,34.1542],[-82.1402,34.1513],[-82.1387,34.1462],[-82.1321,34.141],[-82.1302,34.1377],[-82.13,34.1357],[-82.1262,34.1314],[-82.1246,34.1308],[-82.1226,34.1284],[-82.1215,34.1252],[-82.1195,34.124],[-82.116,34.1201],[-82.1114,34.117],[-82.1089,34.116],[-82.1036,34.1153],[-82.0966,34.1164],[-82.0932,34.1158],[-82.0931,34.1129],[-82.092,34.1109],[-82.0887,34.111],[-82.0864,34.1097],[-82.0824,34.111],[-82.0805,34.1105],[-82.0813,34.1078],[-82.0804,34.1057],[-82.0778,34.1045],[-82.0752,34.105],[-82.0731,34.1026],[-82.071,34.1019],[-82.068,34.103],[-82.0664,34.1018],[-82.064,34.1015],[-82.0617,34.1045],[-82.0563,34.1053],[-82.0533,34.104],[-82.0535,34.102],[-82.0505,34.0994],[-82.0514,34.0969],[-82.0493,34.0931],[-82.0462,34.0903],[-82.0448,34.0866],[-82.0414,34.0867],[-82.0401,34.0855],[-82.0369,34.0844],[-82.0318,34.0837],[-82.031,34.0828],[-82.0303,34.0777],[-82.0308,34.0753],[-82.0295,34.0722],[-82.0271,34.0704],[-82.0275,34.0687],[-82.0267,34.0658],[-82.0223,34.0657],[-82.0203,34.0643],[-82.0173,34.0635],[-82.0157,34.0604],[-82.0136,34.0614],[-82.0108,34.0604],[-82.0096,34.0587],[-82.0069,34.0576],[-82.0037,34.055],[-82.0034,34.0518],[-82.0012,34.0503],[-82.0004,34.0483],[-81.9977,34.0467],[-81.9917,34.0448],[-81.9878,34.0456],[-81.9834,34.0423],[-81.9831,34.04],[-81.9817,34.0368],[-81.9792,34.0372],[-81.9778,34.0362],[-81.974,34.0376],[-81.9716,34.04],[-81.967,34.0425],[-81.9623,34.0432],[-81.96,34.0422],[-81.9579,34.0427],[-81.9567,34.0454],[-81.9516,34.0481],[-81.9482,34.0476],[-81.9416,34.0409],[-81.9405,34.0391],[-81.9366,34.0382],[-81.9326,34.04],[-81.9305,34.0404],[-81.9262,34.0373],[-81.9241,34.0366],[-81.9178,34.0303],[-81.9167,34.0285],[-81.9161,34.0252],[-81.9182,34.0219],[-81.9153,34.0198],[-81.9139,34.0165],[-81.9107,34.014],[-81.9119,34.0114],[-81.9067,34.0067],[-81.9059,34.0053],[-81.9009,34.0037],[-81.8972,34.0013],[-81.8907,34.0015],[-81.8868,34.0004],[-81.8839,33.9963],[-81.8827,33.9936],[-81.8827,33.9915],[-81.8815,33.9901],[-81.8788,33.9893],[-81.8774,33.9879],[-81.8774,33.986],[-81.8785,33.9804],[-81.8785,33.9781],[-81.8725,33.9685],[-81.873,33.9665],[-81.8705,33.9633],[-81.8712,33.9581],[-81.8707,33.9566],[-81.865,33.9554],[-81.8627,33.9535],[-81.8604,33.9535],[-81.8578,33.9514],[-81.8572,33.95],[-81.8549,33.9493],[-81.855,33.9466],[-81.8533,33.9446],[-81.8551,33.9439],[-81.854,33.9411],[-81.8544,33.9389],[-81.8504,33.9371],[-81.8503,33.935],[-81.852,33.9274],[-81.8477,33.9243],[-81.8444,33.9244],[-81.8385,33.921],[-81.8395,33.9145],[-81.8421,33.9128],[-81.8399,33.9115],[-81.8384,33.9091],[-81.8319,33.9083],[-81.8274,33.9063],[-81.8267,33.9053],[-81.8283,33.9026],[-81.8254,33.8981],[-81.8223,33.897],[-81.8191,33.8967],[-81.8185,33.8945],[-81.8165,33.8936],[-81.8176,33.891],[-81.814,33.8882],[-81.8138,33.8865],[-81.8159,33.8843],[-81.814,33.8818],[-81.8162,33.8803],[-81.813,33.8784],[-81.8154,33.8753],[-81.8137,33.8726],[-81.8097,33.8712],[-81.8088,33.8686],[-81.8109,33.8667],[-81.8124,33.8667],[-81.8132,33.8637],[-81.8094,33.8615],[-81.8083,33.86],[-81.8091,33.8576],[-81.8076,33.8549],[-81.8036,33.8541],[-81.7978,33.8544],[-81.7971,33.8504],[-81.7903,33.8477],[-81.7862,33.8439],[-81.7838,33.8452],[-81.7815,33.8453],[-81.7797,33.844],[-81.7775,33.8464],[-81.7751,33.8477],[-81.7716,33.8469],[-81.7662,33.8484],[-81.7626,33.8518],[-81.7598,33.8521],[-81.757,33.8539],[-81.7506,33.8549],[-81.7396,33.8581],[-81.736,33.8582],[-81.7334,33.8574],[-81.7275,33.8572],[-81.7155,33.855],[-81.7069,33.8588],[-81.7041,33.8577],[-81.7035,33.8549],[-81.7017,33.8529],[-81.6942,33.8521],[-81.6888,33.852],[-81.6838,33.8527],[-81.6826,33.8524],[-81.6795,33.8497],[-81.6762,33.8482],[-81.6719,33.8474],[-81.6697,33.8482],[-81.6642,33.8451],[-81.6614,33.846],[-81.6592,33.8481],[-81.654,33.8501],[-81.648,33.8505],[-81.6453,33.8511],[-81.6395,33.8513],[-81.6383,33.8494],[-81.6365,33.8432],[-81.6354,33.8412],[-81.6322,33.8383],[-81.63,33.8382],[-81.6259,33.8398],[-81.6187,33.8376],[-81.6159,33.8384],[-81.6088,33.8435],[-81.6049,33.8446],[-81.5951,33.8437],[-81.5928,33.8442],[-81.5892,33.8474],[-81.5877,33.851],[-81.5869,33.8562],[-81.5859,33.858],[-81.5835,33.8586],[-81.5814,33.8612],[-81.5814,33.8652],[-81.5785,33.8689],[-81.578,33.8721],[-81.5793,33.8752],[-81.5795,33.8777],[-81.5822,33.8805],[-81.5833,33.8826],[-81.5862,33.8858],[-81.5847,33.8894],[-81.5822,33.8899],[-81.5786,33.8916],[-81.5751,33.8953],[-81.5724,33.8963],[-81.569,33.8961],[-81.5643,33.8987],[-81.5623,33.8992],[-81.5563,33.8991],[-81.5516,33.9007],[-81.5484,33.9046],[-81.5434,33.9076],[-81.5384,33.9114],[-81.5371,33.9119],[-81.5317,33.9123],[-81.5278,33.9136],[-81.5174,33.9142],[-81.5156,33.9156],[-81.5086,33.9188],[-81.5027,33.9208],[-81.4972,33.9255],[-81.496,33.9281],[-81.4907,33.9249],[-81.4887,33.923],[-81.4858,33.9219],[-81.483,33.9199],[-81.4798,33.9204],[-81.473,33.9237],[-81.469,33.924],[-81.4652,33.922],[-81.4626,33.9196],[-81.4565,33.9186],[-81.4528,33.9219],[-81.4525,33.9241],[-81.4543,33.9257],[-81.4529,33.9288],[-81.4518,33.9296],[-81.447,33.931],[-81.4438,33.9307],[-81.4417,33.9294],[-81.4365,33.9274],[-81.4291,33.9273],[-81.4276,33.9261],[-81.4245,33.9262],[-81.4216,33.925],[-81.4115,33.9189],[-81.4076,33.9188],[-81.402,33.9204],[-81.4,33.9199],[-81.3978,33.9209],[-81.3953,33.9204],[-81.3926,33.9211],[-81.3886,33.921],[-81.3854,33.9194],[-81.3818,33.9187],[-81.3777,33.9203],[-81.373,33.9215],[-81.3616,33.9216],[-81.3571,33.9204],[-81.355,33.9176],[-81.3535,33.9107],[-81.3549,33.9095],[-81.3575,33.909],[-81.3588,33.9069],[-81.3575,33.906],[-81.3468,33.9042],[-81.3449,33.9011],[-81.3401,33.9],[-81.3379,33.8975],[-81.3318,33.8978],[-81.3262,33.8996],[-81.325,33.8985],[-81.3239,33.895],[-81.3261,33.8901],[-81.3252,33.8888],[-81.3242,33.8844],[-81.3232,33.8831],[-81.324,33.8808],[-81.3224,33.8779],[-81.322,33.8751],[-81.3229,33.8725],[-81.3226,33.8689],[-81.3203,33.8669],[-81.319,33.8643],[-81.3185,33.8606],[-81.3159,33.8585],[-81.3127,33.8572],[-81.3088,33.8579],[-81.3092,33.8564],[-81.3131,33.8542],[-81.3144,33.8516],[-81.3122,33.8491],[-81.3082,33.8483],[-81.3023,33.8458],[-81.2962,33.845],[-81.2942,33.8432],[-81.2926,33.844],[-81.2863,33.8444],[-81.2842,33.8455],[-81.2788,33.8438],[-81.2819,33.8394],[-81.2833,33.8362],[-81.2824,33.8355],[-81.2825,33.8325],[-81.28,33.8298],[-81.2766,33.8274],[-81.2718,33.8266],[-81.2692,33.828],[-81.2659,33.8268],[-81.2631,33.8269],[-81.2589,33.8247],[-81.25,33.8235],[-81.2483,33.8237],[-81.2445,33.8228],[-81.2421,33.8236],[-81.2406,33.8253],[-81.2366,33.8258],[-81.2313,33.8238],[-81.2283,33.8241],[-81.2234,33.8238],[-81.2216,33.8246],[-81.2182,33.8279],[-81.2136,33.8314],[-81.2097,33.833],[-81.206,33.8327],[-81.2033,33.8311],[-81.2038,33.8278],[-81.1994,33.8248],[-81.203,33.823],[-81.2031,33.8209],[-81.1972,33.8175],[-81.1873,33.8142],[-81.183,33.8157],[-81.1809,33.8176],[-81.1765,33.8188],[-81.1738,33.8186],[-81.1709,33.8174],[-81.1679,33.8154],[-81.163,33.8136],[-81.1608,33.8118],[-81.1526,33.8136],[-81.1496,33.8147],[-81.1462,33.8147],[-81.1437,33.8139],[-81.1414,33.8116],[-81.1364,33.8123],[-81.1308,33.8108],[-81.1267,33.811],[-81.1253,33.812],[-81.1188,33.8127],[-81.117,33.8137],[-81.1118,33.8186],[-81.1071,33.8185],[-81.1038,33.8166],[-81.1025,33.815],[-81.1008,33.8111],[-81.1008,33.8055],[-81.0971,33.8035],[-81.0963,33.8017],[-81.0961,33.7981],[-81.094,33.7956],[-81.0962,33.7916],[-81.095,33.7901],[-81.0949,33.7871],[-81.0885,33.7851],[-81.0876,33.7842],[-81.0843,33.7855],[-81.0805,33.785],[-81.0769,33.7817],[-81.0761,33.779],[-81.0743,33.7778],[-81.0686,33.7757],[-81.0682,33.7736],[-81.069,33.7663],[-81.0678,33.7626],[-81.0694,33.7597],[-81.0721,33.7575],[-81.0717,33.7541],[-81.0639,33.7552],[-81.0612,33.7552],[-81.0582,33.7539],[-81.0561,33.752],[-81.0514,33.7519],[-81.0469,33.7496],[-81.0465,33.7467],[-81.0448,33.7457],[-81.0436,33.7419],[-81.0401,33.7409],[-81.0372,33.7441],[-81.0335,33.7454],[-81.0272,33.7454],[-81.0241,33.7428],[-81.0202,33.7429],[-81.0166,33.7438],[-81.0143,33.7437],[-81.0114,33.7426],[-81.012,33.7385],[-81.0082,33.7345],[-81.0054,33.7344],[-81.004,33.732],[-81.0022,33.7317],[-81.0018,33.7293],[-80.9994,33.7294],[-80.9941,33.7252],[-80.9932,33.7223],[-80.9908,33.7182],[-80.9876,33.7181],[-80.9852,33.7152],[-80.982,33.7132],[-80.9808,33.7109],[-80.9783,33.7103],[-80.9779,33.7091],[-80.981,33.7063],[-80.9804,33.7041],[-80.9775,33.7006],[-80.9738,33.7009],[-80.9722,33.6996],[-80.973,33.6981],[-80.9725,33.6959],[-80.9685,33.6952],[-80.966,33.6956],[-80.9643,33.6968],[-80.9634,33.6991],[-80.9634,33.7017],[-80.9609,33.7029],[-80.9609,33.7054],[-80.9588,33.706],[-80.9559,33.7059],[-80.9539,33.7036],[-80.9528,33.7011],[-80.9504,33.7005],[-80.9426,33.697],[-80.9366,33.6975],[-80.9344,33.6968],[-80.931,33.6982],[-80.9292,33.6966],[-80.9273,33.6962],[-80.9236,33.6986],[-80.9182,33.6975],[-80.9173,33.7011],[-80.9148,33.7036],[-80.912,33.7042],[-80.9098,33.7059],[-80.9095,33.7078],[-80.906,33.7082],[-80.9,33.7019],[-80.8991,33.7022],[-80.8974,33.7065],[-80.8972,33.7082],[-80.8942,33.7087],[-80.8909,33.7067],[-80.8889,33.7045],[-80.8877,33.7047],[-80.8855,33.7077],[-80.8828,33.7095],[-80.8774,33.7112],[-80.8742,33.7135],[-80.8706,33.7148],[-80.8701,33.7095],[-80.8673,33.7079],[-80.8625,33.707],[-80.861,33.7045],[-80.8555,33.7023],[-80.8535,33.7002],[-80.8512,33.6957],[-80.8494,33.6938],[-80.8533,33.6916],[-80.8517,33.6885],[-80.8528,33.6856],[-80.8511,33.6844],[-80.8461,33.6846],[-80.8433,33.6833],[-80.8386,33.6831],[-80.8354,33.6806],[-80.8348,33.6774],[-80.831,33.6747],[-80.8277,33.6754],[-80.8241,33.6738],[-80.8214,33.6719],[-80.8192,33.6723],[-80.8161,33.6712],[-80.8115,33.6713],[-80.809,33.6679],[-80.8094,33.6661],[-80.8113,33.665],[-80.8101,33.6623],[-80.8098,33.6589],[-80.8083,33.6574],[-80.8083,33.6556],[-80.8068,33.6525],[-80.8019,33.6506],[-80.8001,33.649],[-80.8007,33.6453],[-80.8022,33.6446],[-80.8029,33.642],[-80.8006,33.6364],[-80.7977,33.634],[-80.7966,33.6316],[-80.7943,33.6306],[-80.7927,33.6288],[-80.792,33.6266],[-80.794,33.6192],[-80.7962,33.6164],[-80.7954,33.6156],[-80.7902,33.6171],[-80.7866,33.617],[-80.7847,33.6181],[-80.7793,33.6149],[-80.776,33.6119],[-80.7739,33.6135],[-80.768,33.6156],[-80.7648,33.6129],[-80.7605,33.6139],[-80.7578,33.6138],[-80.7528,33.6146],[-80.7462,33.6186],[-80.7425,33.6189],[-80.7405,33.6204],[-80.736,33.6223],[-80.7328,33.6247],[-80.7289,33.6234],[-80.7238,33.6235],[-80.7214,33.6231],[-80.7186,33.6242],[-80.7188,33.6261],[-80.7174,33.6293],[-80.7149,33.6308],[-80.7117,33.6301],[-80.7065,33.6318],[-80.7021,33.6292],[-80.7015,33.6276],[-80.702,33.6238],[-80.7038,33.6171],[-80.7013,33.6116],[-80.6964,33.6137],[-80.6924,33.6128],[-80.6907,33.6134],[-80.6829,33.6144],[-80.6804,33.6173],[-80.6753,33.62],[-80.6735,33.6203],[-80.6692,33.6173],[-80.668,33.6147],[-80.6636,33.6116],[-80.6659,33.6055],[-80.6633,33.598],[-80.661,33.5948],[-80.6575,33.5927],[-80.6521,33.5871],[-80.6521,33.5851],[-80.6537,33.5817],[-80.6535,33.5783],[-80.6545,33.5742],[-80.6538,33.5699],[-80.652,33.5671],[-80.6476,33.5665],[-80.6444,33.5652],[-80.6303,33.5555],[-80.6242,33.5508],[-80.6205,33.5516],[-80.6183,33.5489],[-80.6163,33.5482],[-80.6118,33.5502],[-80.6087,33.5504],[-80.6059,33.5478],[-80.6063,33.5446],[-80.6014,33.5417],[-80.5943,33.5402],[-80.59,33.5386],[-80.5841,33.538],[-80.5814,33.5371],[-80.578,33.5331],[-80.5788,33.5313],[-80.5841,33.5266],[-80.5866,33.5236],[-80.5862,33.5204],[-80.5821,33.5164],[-80.5804,33.5074],[-80.5788,33.5047],[-80.5723,33.5035],[-80.5696,33.5016],[-80.5686,33.4989],[-80.5659,33.4957],[-80.562,33.4935],[-80.5609,33.4977],[-80.5588,33.4979],[-80.5533,33.4919],[-80.553,33.49],[-80.5505,33.4881],[-80.5477,33.4882],[-80.546,33.4912],[-80.5461,33.4953],[-80.5443,33.4947],[-80.5425,33.4926],[-80.5403,33.4932],[-80.5393,33.4962],[-80.5395,33.4979],[-80.5382,33.4998],[-80.5361,33.4999],[-80.534,33.4989],[-80.5306,33.4991],[-80.5275,33.496],[-80.5248,33.4974],[-80.5217,33.496],[-80.5193,33.4941],[-80.5082,33.4914],[-80.5065,33.4896],[-80.5067,33.4859],[-80.5085,33.483],[-80.5079,33.4814],[-80.504,33.4778],[-80.5018,33.4775],[-80.4986,33.4734],[-80.4953,33.4723],[-80.4882,33.4728],[-80.4865,33.4721],[-80.4816,33.4676],[-80.4831,33.4622],[-80.4826,33.4599],[-80.4784,33.4583],[-80.4748,33.4553],[-80.4716,33.4545],[-80.4707,33.4515],[-80.4719,33.4491],[-80.4689,33.4432],[-80.4668,33.4428],[-80.461,33.4451],[-80.4552,33.4425],[-80.4525,33.4425],[-80.4484,33.4433],[-80.4436,33.4398],[-80.4408,33.4405],[-80.4362,33.4395],[-80.4341,33.4355],[-80.4294,33.4341],[-80.4251,33.4353],[-80.4216,33.4336],[-80.4164,33.4344],[-80.411,33.4296],[-80.4072,33.4283],[-80.4049,33.4283],[-80.4002,33.4224],[-80.3983,33.4208],[-80.394,33.4205],[-80.391,33.4217],[-80.3898,33.4242],[-80.3861,33.4241],[-80.3839,33.4227],[-80.3793,33.4222],[-80.3762,33.4171],[-80.3747,33.4116],[-80.3696,33.4061],[-80.3666,33.4045],[-80.3605,33.3968],[-80.3551,33.3952],[-80.3523,33.3959],[-80.3494,33.3957],[-80.3462,33.3935],[-80.3435,33.3936],[-80.3413,33.3926],[-80.3397,33.3936],[-80.3381,33.3923],[-80.3358,33.3938],[-80.331,33.3939],[-80.3291,33.3913],[-80.3274,33.3905],[-80.3252,33.3881],[-80.322,33.3881],[-80.3213,33.3869],[-80.3186,33.3852],[-80.3156,33.3852],[-80.3129,33.3866],[-80.3103,33.3894],[-80.3052,33.3911],[-80.3019,33.3898],[-80.2978,33.3931],[-80.294,33.3944],[-80.2893,33.3947],[-80.2884,33.3972],[-80.2868,33.3991],[-80.2845,33.3996],[-80.2813,33.3969],[-80.2757,33.3942],[-80.271,33.3926],[-80.2676,33.3936],[-80.2643,33.3932],[-80.2619,33.3904],[-80.26,33.3901],[-80.259,33.3879],[-80.2572,33.3869],[-80.2534,33.3808],[-80.2532,33.3768],[-80.252,33.3741],[-80.2525,33.3716],[-80.2519,33.3699],[-80.25,33.3685],[-80.2467,33.369],[-80.2446,33.3683],[-80.2424,33.3687],[-80.2346,33.3684],[-80.2333,33.367],[-80.231,33.3622],[-80.2283,33.3614],[-80.2204,33.3615],[-80.2176,33.3609],[-80.2139,33.3558],[-80.2095,33.3528],[-80.2019,33.3529],[-80.2006,33.3519],[-80.2006,33.349],[-80.198,33.3484],[-80.1971,33.3457],[-80.1892,33.3439],[-80.1845,33.344],[-80.1824,33.3469],[-80.1795,33.3491],[-80.1792,33.3522],[-80.1741,33.3522],[-80.1713,33.353],[-80.1676,33.3551],[-80.1638,33.3563],[-80.16,33.3587],[-80.1568,33.3616],[-80.1553,33.3638],[-80.1548,33.3672],[-80.156,33.3715],[-80.1538,33.3755],[-80.1506,33.3766],[-80.1463,33.377],[-80.1428,33.3798],[-80.142,33.3825],[-80.1358,33.3862],[-80.1333,33.3891],[-80.1312,33.3931],[-80.1306,33.3968],[-80.128,33.3991],[-80.1253,33.4034],[-80.1218,33.4103],[-80.1208,33.4141],[-80.1159,33.4166],[-80.1174,33.4191],[-80.1171,33.4232],[-80.1154,33.4272],[-80.1106,33.4305],[-80.1081,33.4304],[-80.0947,33.4215],[-80.0877,33.4164],[-80.0817,33.4151],[-80.0719,33.4134],[-80.0709,33.413],[-80.0692,33.4092],[-80.0672,33.4074],[-80.0616,33.4045],[-80.0577,33.4037],[-80.0449,33.403],[-80.0354,33.3969],[-80.0276,33.397],[-80.0179,33.4049],[-80.0152,33.4068],[-80.0119,33.4065],[-80.0094,33.4026],[-80.0083,33.4023],[-79.9947,33.4055],[-79.9932,33.4049],[-79.9889,33.4012],[-79.9845,33.3998],[-79.9792,33.3988],[-79.9767,33.3992],[-79.972,33.3988],[-79.9687,33.3992],[-79.9641,33.398],[-79.9583,33.3974],[-79.9549,33.3956],[-79.949,33.3934],[-79.9456,33.3933],[-79.9448,33.396],[-79.9455,33.3992],[-79.9435,33.3994],[-79.938,33.3983],[-79.9366,33.3999],[-79.9344,33.3997],[-79.9301,33.3952],[-79.9275,33.3936],[-79.9258,33.3956],[-79.9235,33.3946],[-79.9189,33.3938],[-79.9182,33.3926],[-79.9128,33.3909],[-79.9104,33.3889],[-79.9078,33.3883],[-79.9034,33.3886],[-79.9022,33.3894],[-79.9013,33.392],[-79.899,33.3923],[-79.8961,33.3902],[-79.8926,33.3907],[-79.8903,33.3904],[-79.8901,33.3881],[-79.8886,33.3873],[-79.886,33.3881],[-79.8812,33.3859],[-79.879,33.383],[-79.8771,33.3825],[-79.8729,33.3793],[-79.8715,33.3792],[-79.8692,33.3761],[-79.873,33.3723],[-79.8732,33.3713],[-79.8708,33.3694],[-79.87,33.365],[-79.8625,33.3625],[-79.861,33.363],[-79.854,33.3643],[-79.8518,33.3633],[-79.8468,33.3629],[-79.8424,33.3617],[-79.8581,33.3531],[-79.8607,33.3511],[-79.8609,33.35],[-79.8572,33.3461],[-79.8558,33.3438],[-79.8558,33.3397],[-79.8583,33.3349],[-79.8593,33.3242],[-79.8595,33.3167],[-79.8574,33.3119],[-79.8526,33.3081],[-79.8501,33.3048],[-79.8454,33.308],[-79.8414,33.312],[-79.8395,33.3099],[-79.8398,33.3058],[-79.8387,33.3031],[-79.8383,33.2971],[-79.8374,33.2958],[-79.8372,33.2918],[-79.8359,33.2892],[-79.8332,33.2879],[-79.8309,33.2877],[-79.8158,33.2891],[-79.8129,33.2824],[-79.8118,33.2814],[-79.8083,33.2803],[-79.8094,33.2782],[-79.8058,33.274],[-79.8019,33.2709],[-79.7956,33.2669],[-79.7902,33.2647],[-79.785,33.2598],[-79.7787,33.2551],[-79.7739,33.2532],[-79.7761,33.2493],[-79.7767,33.2437],[-79.7786,33.2408],[-79.7789,33.2385],[-79.7771,33.2356],[-79.7776,33.2317],[-79.7721,33.2284],[-79.7643,33.2298],[-79.7665,33.226],[-79.7646,33.2249],[-79.7631,33.2221],[-79.7581,33.2228],[-79.7552,33.2213],[-79.7498,33.2201],[-79.7443,33.2215],[-79.741,33.2203],[-79.7408,33.2237],[-79.7431,33.2268],[-79.7436,33.2287],[-79.7425,33.2302],[-79.737,33.2304],[-79.7218,33.2374],[-79.7148,33.2276],[-79.7116,33.2273],[-79.7076,33.2302],[-79.7031,33.2279],[-79.6842,33.2476],[-79.6801,33.244],[-79.6732,33.2406],[-79.6632,33.2365],[-79.661,33.235],[-79.6576,33.2311],[-79.6542,33.2252],[-79.6485,33.2144],[-79.6462,33.2096],[-79.646,33.2078],[-79.6476,33.2043],[-79.6478,33.1963],[-79.6453,33.193],[-79.646,33.1916],[-79.6504,33.1914],[-79.6579,33.1929],[-79.6628,33.1952],[-79.665,33.1955],[-79.6674,33.1943],[-79.672,33.1894],[-79.6718,33.1873],[-79.6689,33.18],[-79.6657,33.1751],[-79.665,33.1721],[-79.6653,33.1681],[-79.6666,33.1647],[-79.6701,33.1614],[-79.6751,33.1602],[-79.6823,33.1603],[-79.6978,33.1646],[-79.7081,33.1689],[-79.709,33.1683],[-79.7148,33.1615],[-79.7164,33.158],[-79.7166,33.1537],[-79.7146,33.1488],[-79.7122,33.1481],[-79.7083,33.1493],[-79.7065,33.1492],[-79.7014,33.1511],[-79.6942,33.1502],[-79.6923,33.1511],[-79.6884,33.1515],[-79.6824,33.1504],[-79.6793,33.1512],[-79.6746,33.1479],[-79.6714,33.1462],[-79.6729,33.1441],[-79.6729,33.1411],[-79.6716,33.1399],[-79.6671,33.1391],[-79.6633,33.1389],[-79.6615,33.1382],[-79.66,33.1319],[-79.6606,33.1299],[-79.6644,33.1266],[-79.6661,33.1235],[-79.6651,33.1196],[-79.6775,33.1168],[-79.6805,33.1157],[-79.6817,33.1144],[-79.6811,33.1101],[-79.6786,33.107],[-79.6835,33.1053],[-79.6856,33.1029],[-79.6868,33.0997],[-79.692,33.094],[-79.6909,33.092],[-79.6859,33.0904],[-79.6856,33.0887],[-79.6896,33.0836],[-79.6905,33.0811],[-79.6924,33.0803],[-79.686,33.075],[-79.6828,33.0706],[-79.6865,33.0672],[-79.6878,33.0646],[-79.6904,33.0619],[-79.6901,33.0615],[-79.6795,33.0575],[-79.6748,33.0582],[-79.6618,33.0631],[-79.6564,33.067],[-79.6536,33.0684],[-79.65,33.0689],[-79.6452,33.0703],[-79.6299,33.0781],[-79.6259,33.0789],[-79.6177,33.0851],[-79.6157,33.0892],[-79.6056,33.0878],[-79.6052,33.0913],[-79.6067,33.0948],[-79.6066,33.0973],[-79.6052,33.0998],[-79.6032,33.1012],[-79.5962,33.1043],[-79.5923,33.1066],[-79.5822,33.1119],[-79.5774,33.1138],[-79.57,33.1149],[-79.5681,33.1094],[-79.5646,33.1021],[-79.5636,33.1013],[-79.5562,33.1019],[-79.547,33.1017],[-79.5447,33.1039],[-79.5401,33.1006],[-79.5354,33.0984],[-79.5264,33.0995],[-79.5228,33.0988],[-79.5213,33.0967],[-79.5187,33.0968],[-79.5127,33.1062],[-79.5009,33.1162],[-79.5004,33.1171],[-79.4949,33.1215],[-79.4865,33.1274],[-79.4845,33.1273],[-79.4815,33.1288],[-79.4724,33.1346],[-79.4602,33.1399],[-79.4531,33.1437],[-79.4475,33.1457],[-79.4447,33.142],[-79.4442,33.1391],[-79.4447,33.1359],[-79.446,33.1326],[-79.4535,33.1271],[-79.4562,33.1255],[-79.4568,33.1218],[-79.4533,33.1216],[-79.4501,33.1199],[-79.449,33.1137],[-79.4454,33.1122],[-79.4402,33.1088],[-79.4381,33.1084],[-79.4316,33.1114],[-79.4235,33.1162],[-79.4202,33.1177],[-79.4079,33.1241],[-79.4023,33.1277],[-79.3965,33.1319],[-79.3945,33.1319],[-79.3928,33.1303],[-79.3932,33.1285],[-79.3971,33.125],[-79.3987,33.1218],[-79.3959,33.1205],[-79.3923,33.1226],[-79.3861,33.1243],[-79.3821,33.1292],[-79.3803,33.1306],[-79.3765,33.1308],[-79.3729,33.1333],[-79.3716,33.1329],[-79.3681,33.1293],[-79.3593,33.1294],[-79.354,33.1305],[-79.3495,33.131],[-79.3478,33.1307],[-79.3463,33.1289],[-79.3467,33.1255],[-79.3519,33.1219],[-79.3541,33.1207],[-79.3594,33.1159],[-79.359,33.1094],[-79.3524,33.0993],[-79.3486,33.0946],[-79.3429,33.0946],[-79.336,33.0967],[-79.3314,33.0977],[-79.327,33.1003],[-79.3233,33.1034],[-79.3173,33.1057],[-79.3106,33.109],[-79.3023,33.1117],[-79.2925,33.1128],[-79.2882,33.1128],[-79.2859,33.1123],[-79.2861,33.1084],[-79.2887,33.1018],[-79.2887,33.0961],[-79.2845,33.0921],[-79.2812,33.0894],[-79.279,33.0868],[-79.2724,33.0772],[-79.2656,33.0688],[-79.2632,33.0664],[-79.2631,33.064],[-79.2598,33.059],[-79.2587,33.0581],[-79.254,33.0596],[-79.2484,33.0619],[-79.2409,33.0661],[-79.2317,33.0678],[-79.2189,33.0712],[-79.2131,33.0731],[-79.2049,33.0769],[-79.1991,33.0805],[-79.194,33.0845],[-79.1887,33.0895],[-79.1833,33.0965],[-79.1805,33.1012],[-79.1784,33.1059],[-79.1755,33.1147],[-79.1668,33.1195],[-79.1611,33.1224],[-79.157,33.1249],[-79.169,33.1251],[-79.1757,33.1243],[-79.1806,33.121],[-79.1823,33.1206],[-79.1893,33.1204],[-79.195,33.1184],[-79.1981,33.1163],[-79.1996,33.1142],[-79.2018,33.1149],[-79.2023,33.118],[-79.2143,33.1241],[-79.2204,33.1277],[-79.2304,33.1362],[-79.2329,33.1388],[-79.2332,33.1408],[-79.2268,33.1478],[-79.2189,33.1579],[-79.2163,33.1651],[-79.2101,33.1721],[-79.208,33.1759],[-79.2066,33.1794],[-79.2109,33.1792],[-79.2156,33.1782],[-79.2199,33.1781],[-79.2286,33.1801],[-79.2359,33.1835],[-79.2425,33.1876],[-79.2452,33.1929],[-79.2433,33.1966],[-79.2426,33.1994],[-79.2426,33.2023],[-79.2436,33.2049],[-79.2458,33.2056],[-79.2502,33.2049],[-79.2542,33.2061],[-79.2558,33.2076],[-79.2582,33.2146],[-79.2591,33.2202],[-79.2595,33.2334],[-79.2594,33.2396],[-79.2577,33.2464],[-79.2584,33.2497],[-79.2602,33.2513],[-79.2653,33.2538],[-79.268,33.2541],[-79.2763,33.2534],[-79.287,33.2507],[-79.2906,33.2487],[-79.2981,33.2427],[-79.3021,33.2391],[-79.3049,33.2354],[-79.308,33.228],[-79.3112,33.2262],[-79.3114,33.2311],[-79.3093,33.2376],[-79.311,33.2403],[-79.3145,33.241],[-79.3211,33.239],[-79.3238,33.2392],[-79.3243,33.2408],[-79.3226,33.2465],[-79.3209,33.2486],[-79.3156,33.2533],[-79.3101,33.2573],[-79.3059,33.2612],[-79.3021,33.2641],[-79.2986,33.2684],[-79.2961,33.27],[-79.2973,33.2711],[-79.3021,33.273],[-79.3035,33.2751],[-79.3052,33.2801],[-79.3083,33.2807],[-79.3116,33.2776],[-79.315,33.2764],[-79.319,33.2738],[-79.331,33.2647],[-79.334,33.2614],[-79.3361,33.261],[-79.3367,33.2651],[-79.3384,33.2668],[-79.347,33.2672],[-79.355,33.2666],[-79.3584,33.2659],[-79.3596,33.2669],[-79.3556,33.2719],[-79.3543,33.2751],[-79.3568,33.2762],[-79.3592,33.2787],[-79.3623,33.2794],[-79.3658,33.279],[-79.3697,33.2817],[-79.3722,33.2851],[-79.3746,33.2858],[-79.3763,33.284],[-79.3766,33.2812],[-79.3758,33.2776],[-79.3765,33.2743],[-79.3783,33.2735],[-79.3826,33.2737],[-79.3869,33.2716],[-79.3881,33.2682],[-79.3885,33.2652],[-79.3904,33.2594],[-79.3925,33.2583],[-79.3959,33.2551],[-79.3982,33.2536],[-79.4032,33.2542],[-79.4072,33.2592],[-79.4178,33.261],[-79.4221,33.2624],[-79.4244,33.2624],[-79.4308,33.2719],[-79.4344,33.2749],[-79.4408,33.2787],[-79.445,33.2822],[-79.4471,33.2856],[-79.4505,33.2891],[-79.4578,33.2953],[-79.4617,33.2965],[-79.4645,33.2982],[-79.4658,33.3002],[-79.4649,33.3026],[-79.4661,33.306],[-79.4678,33.3078],[-79.469,33.3107],[-79.4684,33.316],[-79.4695,33.3234],[-79.472,33.3287],[-79.4744,33.3309],[-79.4765,33.3306],[-79.4792,33.3281],[-79.4804,33.3258],[-79.4824,33.3178],[-79.4833,33.316],[-79.4803,33.3083],[-79.4806,33.3069],[-79.4842,33.3049],[-79.4869,33.3047],[-79.493,33.3017],[-79.4987,33.3057],[-79.5021,33.3091],[-79.5037,33.3097],[-79.5116,33.3107],[-79.515,33.3121],[-79.5247,33.3178],[-79.5299,33.3212],[-79.5326,33.3208],[-79.5371,33.3209],[-79.5416,33.3203],[-79.549,33.3208],[-79.5571,33.3234],[-79.5651,33.3244],[-79.5707,33.3307],[-79.5755,33.3345],[-79.5773,33.3343],[-79.5818,33.3304],[-79.5882,33.3287],[-79.5915,33.3288],[-79.5963,33.3301],[-79.6007,33.3308],[-79.6064,33.3342],[-79.6101,33.3369],[-79.6128,33.3415],[-79.6135,33.3455],[-79.6128,33.3483],[-79.6111,33.3507],[-79.6068,33.3545],[-79.6059,33.3566],[-79.6076,33.358],[-79.6154,33.3605],[-79.6196,33.3633],[-79.6243,33.3683],[-79.6303,33.3716],[-79.6322,33.3748],[-79.6314,33.3764],[-79.6513,33.3828],[-79.6592,33.3827],[-79.6642,33.384],[-79.671,33.388],[-79.6735,33.3901],[-79.6771,33.3939],[-79.6777,33.3964],[-79.6773,33.3992],[-79.6745,33.4026],[-79.6739,33.4114],[-79.6743,33.4121],[-79.6791,33.4135],[-79.6903,33.418],[-79.6922,33.421],[-79.6951,33.4223],[-79.6967,33.425],[-79.6965,33.4298],[-79.6989,33.4319],[-79.6983,33.4356],[-79.6987,33.4372],[-79.703,33.4389],[-79.7047,33.442],[-79.7071,33.4445],[-79.7144,33.4492],[-79.7193,33.4499],[-79.7261,33.4488],[-79.7323,33.4473],[-79.7402,33.4446],[-79.7442,33.445],[-79.747,33.4469],[-79.7483,33.4486],[-79.7507,33.4496],[-79.7544,33.4521],[-79.763,33.4523],[-79.7652,33.4534],[-79.7678,33.458],[-79.7749,33.4605],[-79.7778,33.4626],[-79.7827,33.4621],[-79.7872,33.4609],[-79.7908,33.4628],[-79.7971,33.4616],[-79.8019,33.4626],[-79.8036,33.4651],[-79.8096,33.4678],[-79.8125,33.4669],[-79.8166,33.4665],[-79.8213,33.4684],[-79.8263,33.4716],[-79.8297,33.4755],[-79.8321,33.4766],[-79.8359,33.4769],[-79.8389,33.4799],[-79.8412,33.4845],[-79.8427,33.4887],[-79.8442,33.4904],[-79.852,33.4936],[-79.8595,33.495],[-79.8611,33.4968],[-79.8613,33.4997],[-79.868,33.4999],[-79.8707,33.4993],[-79.8781,33.4996],[-79.8798,33.5017],[-79.8827,33.5032],[-79.8855,33.5039],[-79.8958,33.5036],[-79.8986,33.5044],[-79.9011,33.5111],[-79.9026,33.5163],[-79.9061,33.5247],[-79.9078,33.5279],[-79.9144,33.5382],[-79.919,33.5436],[-79.9242,33.5476],[-79.9288,33.5503],[-79.9344,33.5529],[-79.9402,33.5449],[-79.9448,33.5423],[-79.9494,33.5359],[-79.9542,33.5379],[-79.9604,33.5387],[-79.9655,33.5398],[-79.9706,33.543],[-79.9752,33.5476],[-79.9782,33.5542],[-79.9789,33.5582],[-79.9784,33.5636],[-79.9821,33.5665],[-79.983,33.5697],[-79.9828,33.5716],[-79.9852,33.5717],[-79.9878,33.5729],[-79.9877,33.5784],[-79.9887,33.5797],[-79.9895,33.5842],[-79.9904,33.5859],[-79.9946,33.5886],[-79.9998,33.589],[-80.0086,33.594],[-80.0182,33.599],[-80.0241,33.603],[-80.0269,33.6053],[-80.0302,33.611],[-80.0329,33.6174],[-80.0351,33.6199],[-80.0406,33.6208],[-80.0439,33.6201],[-80.0472,33.6208],[-80.052,33.6248],[-80.0538,33.6258],[-80.0619,33.6317],[-80.0642,33.6339],[-80.0654,33.6375],[-80.0638,33.6403],[-80.0639,33.6422],[-80.0655,33.6443],[-80.0657,33.647],[-80.0668,33.6512],[-80.0689,33.655],[-80.0717,33.6586],[-80.0738,33.6604],[-80.0772,33.6622],[-80.0824,33.6638],[-80.0846,33.6654],[-80.0868,33.6687],[-80.0913,33.6716],[-80.0964,33.6721],[-80.0974,33.6706],[-80.0965,33.6665],[-80.0966,33.6639],[-80.0945,33.6612],[-80.0939,33.6582],[-80.0952,33.6574],[-80.0996,33.6576],[-80.1032,33.6563],[-80.1103,33.6587],[-80.1171,33.6583],[-80.1197,33.6554],[-80.1209,33.6522],[-80.1192,33.6492],[-80.1211,33.6441],[-80.1219,33.6386],[-80.1244,33.6316],[-80.1245,33.6279],[-80.1263,33.6267],[-80.1275,33.6194],[-80.1274,33.6143],[-80.1294,33.6093],[-80.1324,33.6062],[-80.133,33.6044],[-80.1324,33.601],[-80.1347,33.5993],[-80.135,33.597],[-80.1338,33.5933],[-80.1348,33.5904],[-80.1381,33.5876],[-80.1381,33.583],[-80.1401,33.5822],[-80.1453,33.5783],[-80.1507,33.5804],[-80.1546,33.5805],[-80.1541,33.5847],[-80.1579,33.5885],[-80.1584,33.5906],[-80.1609,33.5922],[-80.1639,33.5963],[-80.1632,33.5976],[-80.1653,33.6002],[-80.1666,33.6035],[-80.1668,33.6072],[-80.1695,33.6103],[-80.168,33.6126],[-80.1689,33.6136],[-80.1676,33.6164],[-80.1714,33.6179],[-80.1727,33.6175],[-80.1769,33.6182],[-80.1803,33.6169],[-80.1852,33.6165],[-80.1877,33.6217],[-80.1896,33.6222],[-80.1915,33.6207],[-80.1956,33.6189],[-80.1985,33.6188],[-80.2019,33.6163],[-80.2042,33.6159],[-80.2073,33.6171],[-80.2134,33.6178],[-80.2173,33.6172],[-80.2184,33.619],[-80.2207,33.6188],[-80.2246,33.6162],[-80.2285,33.6104],[-80.233,33.6114],[-80.2383,33.6099],[-80.2422,33.6097],[-80.2453,33.6087],[-80.2477,33.61],[-80.2526,33.6095],[-80.256,33.6069],[-80.2589,33.6038],[-80.2627,33.6021],[-80.2677,33.6021],[-80.2778,33.6007],[-80.2806,33.6017],[-80.2841,33.6048],[-80.2868,33.6062],[-80.2916,33.6076],[-80.2966,33.6111],[-80.2974,33.6152],[-80.2972,33.6194],[-80.2974,33.6247],[-80.2956,33.628],[-80.2925,33.6306],[-80.2926,33.6361],[-80.289,33.6428],[-80.2899,33.6454],[-80.2954,33.6466],[-80.2983,33.6468],[-80.3029,33.6448],[-80.3062,33.6455],[-80.31,33.6477],[-80.3177,33.6528],[-80.3202,33.6533],[-80.3241,33.6527],[-80.3279,33.6512],[-80.3319,33.653],[-80.3369,33.6574],[-80.3407,33.6628],[-80.3431,33.6643],[-80.3553,33.6654],[-80.3579,33.6679],[-80.3601,33.6713],[-80.3672,33.6709],[-80.3705,33.6724],[-80.372,33.678],[-80.3747,33.6813],[-80.3806,33.6823],[-80.3844,33.6855],[-80.388,33.6858],[-80.3907,33.6828],[-80.39,33.678],[-80.392,33.6761],[-80.3957,33.676],[-80.4027,33.6776],[-80.4065,33.6758],[-80.4082,33.6756],[-80.4111,33.6782],[-80.4145,33.6798],[-80.4168,33.6816],[-80.4183,33.6798],[-80.4261,33.677],[-80.4283,33.6766],[-80.4318,33.6779],[-80.4379,33.6812],[-80.4414,33.6815],[-80.4442,33.6847],[-80.4443,33.6876],[-80.4379,33.6932],[-80.4392,33.6958],[-80.437,33.6981],[-80.4397,33.6998],[-80.4418,33.7027],[-80.4423,33.7057],[-80.4438,33.7082],[-80.4498,33.7133],[-80.4496,33.7169],[-80.4517,33.7204],[-80.4502,33.7244],[-80.4519,33.7282],[-80.4539,33.7306],[-80.454,33.7335],[-80.4564,33.7354],[-80.463,33.7361],[-80.4638,33.7374],[-80.4615,33.7405],[-80.4605,33.7438],[-80.4632,33.7508],[-80.4648,33.7561],[-80.4672,33.7597],[-80.4698,33.7648],[-80.4745,33.7684],[-80.4772,33.7688],[-80.4801,33.7683],[-80.4866,33.7694],[-80.4896,33.7695],[-80.495,33.772],[-80.4959,33.7735],[-80.495,33.7797],[-80.4975,33.7804],[-80.4987,33.7822],[-80.4985,33.7871],[-80.497,33.7891],[-80.4988,33.7909],[-80.4981,33.7946],[-80.4948,33.7981],[-80.4892,33.808],[-80.4919,33.809],[-80.4924,33.8105],[-80.4888,33.8131],[-80.4879,33.8151],[-80.4905,33.8172],[-80.4928,33.8169],[-80.4938,33.8189],[-80.4965,33.8206],[-80.501,33.8205],[-80.5062,33.8239],[-80.512,33.8286],[-80.5179,33.8322],[-80.5264,33.8369],[-80.5325,33.8396],[-80.536,33.8422],[-80.537,33.8451],[-80.5373,33.852],[-80.5382,33.8543],[-80.5408,33.8563],[-80.5439,33.8602],[-80.5417,33.8618],[-80.539,33.866],[-80.5383,33.8694],[-80.5369,33.8711],[-80.5357,33.8744],[-80.5359,33.8766],[-80.5332,33.8774],[-80.5314,33.8796],[-80.5317,33.8817],[-80.5296,33.8829],[-80.5299,33.8848],[-80.5315,33.8863],[-80.5317,33.8895],[-80.53,33.8923],[-80.5315,33.895],[-80.5315,33.8989],[-80.5326,33.9039],[-80.5286,33.9049],[-80.5257,33.91],[-80.5265,33.9132],[-80.5245,33.915],[-80.5238,33.9183],[-80.5219,33.9198],[-80.5219,33.9219],[-80.5175,33.9246],[-80.5174,33.9264],[-80.5201,33.9283],[-80.5182,33.9309],[-80.5151,33.9326],[-80.515,33.9356],[-80.5169,33.9369],[-80.5181,33.9416],[-80.5159,33.9442],[-80.5113,33.9474],[-80.5066,33.9485],[-80.5059,33.955],[-80.505,33.9573],[-80.5032,33.9578],[-80.4986,33.9581],[-80.4969,33.9606],[-80.4995,33.9654],[-80.4955,33.9692],[-80.4962,33.9732],[-80.4911,33.9761],[-80.4898,33.9793],[-80.4879,33.9805],[-80.4887,33.9847],[-80.4898,33.9855],[-80.4929,33.9855],[-80.4946,33.9866],[-80.4935,33.9901],[-80.4948,33.9926],[-80.4985,33.9952],[-80.4966,33.9998],[-80.4969,34.0014],[-80.4947,34.005],[-80.4917,34.0052],[-80.4904,34.0071],[-80.4894,34.0131],[-80.4916,34.0151],[-80.4895,34.0192],[-80.4858,34.0193],[-80.481,34.0226],[-80.4804,34.0246],[-80.4756,34.0275],[-80.4744,34.0275],[-80.4707,34.0302],[-80.4674,34.0313],[-80.4637,34.0312],[-80.4559,34.0335],[-80.4531,34.036],[-80.4489,34.0372],[-80.4454,34.0364],[-80.443,34.0375],[-80.4406,34.0401],[-80.441,34.0421],[-80.4398,34.0463],[-80.4387,34.0471],[-80.4358,34.0464],[-80.4328,34.0497],[-80.4303,34.0516],[-80.4326,34.0569],[-80.4316,34.0599],[-80.4296,34.0621],[-80.4338,34.064],[-80.4341,34.0658],[-80.4331,34.069],[-80.4363,34.0734],[-80.4339,34.0742],[-80.4312,34.0801],[-80.4275,34.0809],[-80.425,34.0821],[-80.4226,34.0843],[-80.422,34.086],[-80.4227,34.0877],[-80.4218,34.0891],[-80.422,34.0938],[-80.4258,34.0955],[-80.4288,34.0982],[-80.4262,34.1005],[-80.4273,34.1034],[-80.4264,34.109],[-80.423,34.1115],[-80.4199,34.1156],[-80.4172,34.1164],[-80.4161,34.1215],[-80.4128,34.1217],[-80.4119,34.1236],[-80.4128,34.126],[-80.4159,34.1301],[-80.4183,34.1311],[-80.4208,34.1359],[-80.4217,34.1405],[-80.4261,34.1439],[-80.4269,34.1476],[-80.4261,34.1498],[-80.4244,34.1511],[-80.4227,34.1547],[-80.4229,34.1568],[-80.4214,34.1595],[-80.4193,34.1653],[-80.4217,34.1663],[-80.423,34.1678],[-80.4269,34.1706],[-80.4282,34.1708],[-80.4308,34.1685],[-80.4321,34.1701],[-80.4311,34.1721],[-80.4318,34.1746],[-80.4359,34.177],[-80.4369,34.1799],[-80.4392,34.1809],[-80.4348,34.1841],[-80.4322,34.1882],[-80.4333,34.1895],[-80.436,34.1885],[-80.4383,34.1887],[-80.4409,34.1951],[-80.4471,34.2022],[-80.4495,34.2029],[-80.4508,34.2044],[-80.4483,34.2055],[-80.4456,34.208],[-80.4476,34.2099],[-80.447,34.212],[-80.4493,34.2146],[-80.4506,34.2204],[-80.4483,34.2263],[-80.4498,34.2278],[-80.4496,34.2293],[-80.4538,34.2317],[-80.4591,34.2337],[-80.461,34.2359],[-80.4614,34.241],[-80.4645,34.2422],[-80.4682,34.2449],[-80.4712,34.2489],[-80.4708,34.2521],[-80.4728,34.2525],[-80.4775,34.2518],[-80.4805,34.2503],[-80.4824,34.2526],[-80.4818,34.2547],[-80.4842,34.2558],[-80.4813,34.2582],[-80.4788,34.2611],[-80.4759,34.2632],[-80.4764,34.2668],[-80.4746,34.2691],[-80.4736,34.272],[-80.4742,34.2736],[-80.4781,34.2733],[-80.4748,34.2775],[-80.4723,34.2796],[-80.4703,34.2791],[-80.4667,34.28],[-80.4641,34.2791],[-80.4584,34.2801],[-80.4601,34.2828],[-80.4629,34.283],[-80.4642,34.2841],[-80.4653,34.2874],[-80.4618,34.2875],[-80.46,34.2885],[-80.4603,34.2903],[-80.4581,34.2921],[-80.4622,34.2938],[-80.4653,34.2934],[-80.4684,34.2946],[-80.471,34.2945],[-80.4733,34.296],[-80.4719,34.299],[-80.4684,34.3002],[-80.4651,34.3006],[-80.464,34.3023],[-80.4602,34.302],[-80.4592,34.3031],[-80.4603,34.3051],[-80.4572,34.3083],[-80.4576,34.3118],[-80.4567,34.314],[-80.4579,34.318],[-80.455,34.3197],[-80.4526,34.3196],[-80.4527,34.3228],[-80.4495,34.3214],[-80.4467,34.3219],[-80.443,34.3255],[-80.4377,34.3279],[-80.4363,34.3303],[-80.4339,34.3318],[-80.4302,34.332],[-80.4307,34.3349],[-80.4345,34.3393],[-80.439,34.3388],[-80.4403,34.3398],[-80.441,34.3426],[-80.4394,34.3457],[-80.4364,34.3483],[-80.4367,34.3492],[-80.4309,34.354],[-80.4301,34.3556],[-80.4311,34.3585],[-80.4307,34.3611],[-80.4329,34.3621],[-80.4354,34.365],[-80.4351,34.367],[-80.431,34.3685],[-80.4301,34.3694],[-80.4309,34.3724],[-80.4328,34.3733],[-80.4382,34.3727],[-80.4376,34.3751],[-80.4348,34.376],[-80.4341,34.3775],[-80.4375,34.3788],[-80.4428,34.3784],[-80.4444,34.3806],[-80.449,34.3825],[-80.4499,34.3835],[-80.4502,34.3866],[-80.4487,34.3889],[-80.4493,34.3898],[-80.4529,34.3881],[-80.4578,34.3887],[-80.4586,34.3898],[-80.4621,34.3891],[-80.4668,34.3863],[-80.4711,34.3865],[-80.4736,34.3874],[-80.4792,34.3863],[-80.4811,34.3875],[-80.4827,34.3866],[-80.4871,34.3854],[-80.4905,34.386],[-80.4954,34.3859],[-80.4985,34.3849],[-80.5007,34.3862],[-80.5014,34.3895],[-80.5039,34.3892],[-80.5047,34.3916],[-80.51,34.3926],[-80.5135,34.3954],[-80.5164,34.3962],[-80.5188,34.3955],[-80.5195,34.3933],[-80.5254,34.3932],[-80.5273,34.3907],[-80.5309,34.3911],[-80.5329,34.3903],[-80.5364,34.3936],[-80.5346,34.3979],[-80.5348,34.399],[-80.5318,34.4011],[-80.5341,34.4045],[-80.5337,34.4059],[-80.5298,34.4098],[-80.5302,34.413],[-80.5336,34.4149],[-80.5342,34.4169],[-80.5329,34.4204],[-80.5343,34.4241],[-80.5311,34.4284],[-80.5347,34.4288],[-80.5365,34.4308],[-80.5391,34.4319],[-80.544,34.4316],[-80.5491,34.4327],[-80.5512,34.4339],[-80.5527,34.4358],[-80.553,34.44],[-80.5544,34.4426],[-80.5574,34.4465],[-80.5567,34.4506],[-80.5587,34.4533],[-80.5576,34.4569],[-80.5576,34.4615],[-80.5632,34.468],[-80.5653,34.4687],[-80.5707,34.4694],[-80.5753,34.4715],[-80.5769,34.4764],[-80.5841,34.4908],[-80.5837,34.4951],[-80.5854,34.4999],[-80.5875,34.4995],[-80.5916,34.497],[-80.5946,34.4988],[-80.601,34.497],[-80.607,34.4999],[-80.61,34.4996],[-80.6123,34.5006],[-80.6158,34.5005],[-80.616,34.5021],[-80.618,34.5039],[-80.6199,34.5102],[-80.6261,34.5116],[-80.6313,34.51],[-80.6334,34.5101],[-80.6348,34.5116],[-80.6381,34.5128],[-80.644,34.517],[-80.6462,34.5223],[-80.6505,34.5224],[-80.651,34.5276],[-80.6561,34.5314],[-80.6569,34.5326],[-80.6563,34.5347],[-80.6602,34.5356],[-80.6618,34.5379],[-80.6612,34.5394],[-80.6627,34.5436],[-80.6618,34.5461],[-80.6638,34.548],[-80.6666,34.5489],[-80.6657,34.5542],[-80.666,34.5553],[-80.6707,34.5617],[-80.6736,34.5677],[-80.6763,34.5703],[-80.6857,34.5708],[-80.6893,34.5701],[-80.6924,34.5732],[-80.6938,34.573],[-80.6957,34.5706],[-80.6968,34.5717],[-80.6976,34.5763],[-80.697,34.5792],[-80.6996,34.5808],[-80.6995,34.584],[-80.7014,34.5863],[-80.7048,34.5872],[-80.7061,34.5912],[-80.7039,34.5922],[-80.6999,34.5954],[-80.6991,34.5966],[-80.6952,34.598],[-80.6917,34.5976],[-80.6891,34.5983],[-80.6877,34.6002],[-80.6869,34.6033],[-80.688,34.6046],[-80.6881,34.6081],[-80.6866,34.61],[-80.6845,34.616],[-80.6852,34.6185],[-80.6843,34.6215],[-80.681,34.6235],[-80.681,34.6256],[-80.6789,34.6292],[-80.6763,34.6312],[-80.6732,34.6326],[-80.6687,34.6319],[-80.6679,34.6331],[-80.6676,34.6373],[-80.6635,34.6399],[-80.6637,34.6422],[-80.6616,34.6461],[-80.6575,34.6494],[-80.655,34.6505],[-80.653,34.6532],[-80.653,34.6551],[-80.6516,34.6578],[-80.6545,34.6592],[-80.6521,34.6628],[-80.6496,34.6641],[-80.6488,34.6664],[-80.6473,34.6681],[-80.6447,34.6689],[-80.6429,34.6724],[-80.6405,34.6731],[-80.6387,34.6748],[-80.6366,34.6747],[-80.6334,34.6768],[-80.6307,34.6771],[-80.6318,34.6796],[-80.6332,34.6801],[-80.636,34.6835],[-80.6349,34.6865],[-80.6354,34.6882],[-80.6324,34.6921],[-80.632,34.6938],[-80.6291,34.6969],[-80.6263,34.7018],[-80.6235,34.705],[-80.6234,34.7067],[-80.6204,34.7085],[-80.617,34.7128],[-80.617,34.7145],[-80.6187,34.7189],[-80.6166,34.7206],[-80.6164,34.723],[-80.6142,34.7238],[-80.6153,34.7277],[-80.6183,34.7299],[-80.6214,34.7337],[-80.6208,34.7347],[-80.6259,34.7401],[-80.6264,34.7423],[-80.6252,34.7472],[-80.6256,34.7518],[-80.6275,34.7548],[-80.6291,34.755],[-80.6306,34.7576],[-80.6294,34.7593],[-80.629,34.7625],[-80.6263,34.7642],[-80.6276,34.7676],[-80.6262,34.7692],[-80.6271,34.7714],[-80.629,34.7729],[-80.629,34.7751],[-80.6275,34.7796],[-80.6294,34.7824],[-80.6314,34.7832],[-80.6357,34.7894],[-80.6357,34.7924],[-80.6367,34.795],[-80.635,34.7998],[-80.6327,34.8025],[-80.6321,34.8052],[-80.6346,34.8066],[-80.6338,34.8083],[-80.6359,34.8103],[-80.6353,34.8119],[-80.6334,34.8121],[-80.6307,34.8167],[-80.6293,34.8182],[-80.6278,34.8215],[-80.6257,34.8224],[-80.6259,34.824],[-80.6281,34.8274],[-80.6261,34.8306],[-80.624,34.8316],[-80.6207,34.8344],[-80.6209,34.8365],[-80.6194,34.8377],[-80.6175,34.8409],[-80.6208,34.8425],[-80.6218,34.8457],[-80.6245,34.8478],[-80.6225,34.8516],[-80.6197,34.855],[-80.6158,34.8558],[-80.6151,34.8579],[-80.6159,34.8599],[-80.6153,34.8619],[-80.6136,34.8628],[-80.6144,34.865],[-80.6111,34.8661],[-80.6102,34.868],[-80.6074,34.8691],[-80.6059,34.8716],[-80.6061,34.873],[-80.6036,34.8748],[-80.6028,34.8776],[-80.6066,34.8817],[-80.6083,34.8807],[-80.6116,34.8823],[-80.6128,34.8845],[-80.6182,34.8877],[-80.62,34.8911],[-80.622,34.8921],[-80.6209,34.8944],[-80.6229,34.8977],[-80.6223,34.901],[-80.6244,34.9019],[-80.6267,34.904],[-80.6315,34.9035],[-80.6353,34.9053],[-80.6396,34.9056],[-80.6412,34.9111],[-80.6381,34.9133],[-80.6387,34.9182],[-80.636,34.9217],[-80.636,34.9249],[-80.6336,34.9268],[-80.6349,34.9303],[-80.6333,34.9316],[-80.6346,34.9345],[-80.6342,34.936],[-80.637,34.9443],[-80.6352,34.947],[-80.6326,34.9472],[-80.6313,34.9493],[-80.6318,34.9518],[-80.6304,34.9542],[-80.628,34.9613],[-80.6279,34.9649],[-80.6296,34.9668],[-80.6284,34.9693],[-80.6255,34.9706],[-80.6229,34.975],[-80.6226,34.9765],[-80.6254,34.9808],[-80.6278,34.9816],[-80.6268,34.9838],[-80.6272,34.9857],[-80.6289,34.987],[-80.6278,34.9896],[-80.6275,34.9923],[-80.6291,34.9975],[-80.6301,35.0023],[-80.6285,35.0069],[-80.6286,35.0126],[-80.6243,35.0175],[-80.6215,35.0199],[-80.6204,35.0233],[-80.6212,35.0247],[-80.6215,35.0289],[-80.6228,35.0328],[-80.624,35.0346],[-80.6274,35.0371],[-80.6318,35.0396],[-80.6318,35.0429],[-80.6336,35.0442],[-80.6395,35.0438],[-80.6415,35.0451],[-80.6453,35.0461],[-80.6514,35.0459],[-80.6522,35.0471],[-80.6507,35.0494],[-80.6518,35.0545],[-80.6493,35.058],[-80.6498,35.0609],[-80.6514,35.0615],[-80.6564,35.061],[-80.6579,35.0616],[-80.6614,35.0608],[-80.6632,35.062],[-80.6684,35.064],[-80.6716,35.0647],[-80.674,35.0662],[-80.68,35.0675],[-80.6841,35.0707],[-80.6845,35.0735],[-80.6873,35.0745],[-80.6877,35.08],[-80.6907,35.0821],[-80.6933,35.0828],[-80.6968,35.0851],[-80.6956,35.0896],[-80.6931,35.094],[-80.6949,35.0968],[-80.6939,35.0984],[-80.6936,35.1023],[-80.6907,35.1076],[-80.6888,35.109],[-80.6891,35.1103],[-80.692,35.1129],[-80.6941,35.1165],[-80.6948,35.1201],[-80.6932,35.1209],[-80.6887,35.1248],[-80.6877,35.1279],[-80.6854,35.1297],[-80.6848,35.1316],[-80.6816,35.1359],[-80.6831,35.1402],[-80.6813,35.1448],[-80.6802,35.1456],[-80.6806,35.148],[-80.6797,35.1521],[-80.6785,35.1529],[-80.6753,35.1529],[-80.6719,35.1556],[-80.6709,35.1576],[-80.6701,35.162],[-80.668,35.1634],[-80.6668,35.1655],[-80.6647,35.167],[-80.6627,35.1696],[-80.6575,35.1718],[-80.6556,35.1708],[-80.6541,35.1715],[-80.6534,35.1755],[-80.6481,35.1796],[-80.6475,35.1809],[-80.6507,35.183],[-80.6511,35.1853],[-80.6543,35.1861],[-80.6553,35.1888],[-80.6578,35.1923],[-80.6586,35.1944],[-80.6621,35.1947],[-80.6658,35.1968],[-80.6671,35.1991],[-80.6704,35.2015],[-80.6701,35.2061],[-80.6706,35.2081],[-80.6734,35.2107],[-80.6747,35.2133],[-80.6784,35.213],[-80.6873,35.2146],[-80.6913,35.2161],[-80.6936,35.2158],[-80.6984,35.2191],[-80.6994,35.2212],[-80.702,35.2236],[-80.7055,35.2249],[-80.7099,35.2276],[-80.7136,35.2267],[-80.7145,35.2251],[-80.7203,35.2256],[-80.7212,35.2244],[-80.7253,35.2232],[-80.7265,35.228],[-80.7282,35.2301],[-80.7312,35.2323],[-80.7312,35.234],[-80.7335,35.2363],[-80.7361,35.2365],[-80.7375,35.2381],[-80.7378,35.2415],[-80.7359,35.2452],[-80.7366,35.2515],[-80.736,35.2546],[-80.7363,35.2578],[-80.7355,35.2589],[-80.7308,35.2609],[-80.7364,35.2636],[-80.7374,35.265],[-80.7424,35.2659],[-80.7442,35.2671],[-80.7497,35.2646],[-80.7534,35.264],[-80.756,35.2629],[-80.7596,35.263],[-80.7623,35.2623],[-80.7666,35.264],[-80.7681,35.2655],[-80.7671,35.2746],[-80.7663,35.2771],[-80.7676,35.279],[-80.7693,35.2788],[-80.7723,35.2771],[-80.7756,35.2776],[-80.7804,35.2768],[-80.7834,35.2782],[-80.7865,35.2773],[-80.7888,35.2802],[-80.7905,35.2805],[-80.7939,35.2829],[-80.7959,35.2906],[-80.7935,35.2939],[-80.7965,35.2947],[-80.7998,35.2985],[-80.8028,35.3001],[-80.8075,35.3017],[-80.8109,35.3016],[-80.8135,35.3024],[-80.8154,35.3043],[-80.8197,35.3055],[-80.8218,35.3073],[-80.8248,35.3109],[-80.827,35.3107],[-80.8314,35.3139],[-80.8337,35.3145],[-80.8322,35.3177],[-80.8297,35.3192],[-80.8279,35.3193],[-80.8268,35.3235],[-80.8273,35.3259],[-80.8247,35.3317],[-80.8243,35.3345],[-80.8226,35.3394],[-80.8261,35.3448],[-80.8232,35.3479],[-80.8229,35.3551],[-80.8206,35.3584],[-80.8205,35.3614],[-80.8186,35.3627],[-80.8182,35.3645],[-80.8159,35.3663],[-80.8182,35.3686],[-80.8224,35.3693],[-80.8259,35.3688],[-80.8274,35.3698],[-80.8317,35.3703],[-80.8333,35.3728],[-80.834,35.3781],[-80.8329,35.3803],[-80.8326,35.3831],[-80.8341,35.3861],[-80.8365,35.3868],[-80.8344,35.3918],[-80.8351,35.395],[-80.8377,35.3971],[-80.8398,35.4078],[-80.841,35.4096],[-80.8424,35.4135],[-80.8412,35.4166],[-80.8396,35.4179],[-80.8421,35.4257],[-80.8428,35.4305],[-80.8428,35.4337],[-80.8393,35.4353],[-80.8395,35.4379],[-80.8428,35.4395],[-80.845,35.4441],[-80.844,35.4459],[-80.8434,35.4491],[-80.8417,35.4536],[-80.8424,35.459],[-80.8439,35.4599],[-80.8472,35.4647],[-80.849,35.4681],[-80.8494,35.471],[-80.8517,35.4715],[-80.8535,35.4752],[-80.8581,35.4805],[-80.8587,35.4826],[-80.8568,35.4862],[-80.8578,35.4875],[-80.8579,35.4909],[-80.8549,35.4941],[-80.8542,35.497],[-80.8527,35.498],[-80.8489,35.497],[-80.8465,35.5],[-80.8466,35.5051],[-80.8437,35.5066],[-80.8411,35.507],[-80.8373,35.5132],[-80.8387,35.5186],[-80.8414,35.5217],[-80.8437,35.5267],[-80.8459,35.5333],[-80.8478,35.5369],[-80.8494,35.5382],[-80.848,35.5404],[-80.8485,35.5424],[-80.8471,35.5448],[-80.8459,35.5509],[-80.8416,35.5535],[-80.8412,35.5555],[-80.839,35.5581],[-80.8357,35.5591],[-80.8336,35.5606],[-80.8299,35.565],[-80.8275,35.5684],[-80.8281,35.5703],[-80.8268,35.5724],[-80.8221,35.5747],[-80.8194,35.5769],[-80.8185,35.5794],[-80.816,35.5814],[-80.8128,35.5829],[-80.808,35.586],[-80.8041,35.5865],[-80.8025,35.5877],[-80.8059,35.5902],[-80.8057,35.593],[-80.8075,35.595],[-80.8079,35.5985],[-80.8093,35.5999],[-80.8135,35.6014],[-80.815,35.6047],[-80.8148,35.6066],[-80.8176,35.6107],[-80.8199,35.6118],[-80.8202,35.6135],[-80.822,35.6142],[-80.8224,35.6164],[-80.8262,35.6191],[-80.8292,35.6182],[-80.8305,35.6192],[-80.8292,35.6211],[-80.824,35.6248],[-80.8232,35.6265],[-80.825,35.6316],[-80.8245,35.6338],[-80.8266,35.6345],[-80.8295,35.6372],[-80.8357,35.6388],[-80.8379,35.6403],[-80.8383,35.6423],[-80.8412,35.6429],[-80.8411,35.6449],[-80.8431,35.6476],[-80.8438,35.6501],[-80.8434,35.6523],[-80.8469,35.6568],[-80.851,35.6594],[-80.8534,35.6592],[-80.8554,35.6575],[-80.8588,35.6608],[-80.8617,35.6625],[-80.8619,35.6655],[-80.8632,35.6667],[-80.8616,35.668],[-80.8599,35.6714],[-80.8573,35.674],[-80.8568,35.6755],[-80.8596,35.6769],[-80.859,35.6813],[-80.8633,35.6853],[-80.8644,35.6873],[-80.868,35.6911],[-80.8706,35.6909],[-80.873,35.6916],[-80.875,35.6969],[-80.8817,35.7009],[-80.8849,35.6996],[-80.8872,35.7004],[-80.8945,35.7072],[-80.8949,35.7093],[-80.892,35.7123],[-80.8922,35.7136],[-80.8954,35.714],[-80.9045,35.7172],[-80.9071,35.7171],[-80.9111,35.7182],[-80.913,35.7208],[-80.9139,35.7234],[-80.9195,35.7272],[-80.9208,35.7273],[-80.9246,35.7255],[-80.9268,35.7273],[-80.9314,35.7286],[-80.9325,35.7282],[-80.9365,35.7311],[-80.9389,35.7363],[-80.9418,35.7356],[-80.9488,35.7353],[-80.9531,35.7386],[-80.9539,35.7433],[-80.9566,35.7457],[-80.9602,35.7472],[-80.964,35.7503],[-80.9645,35.7514],[-80.968,35.7524],[-80.9735,35.7526],[-80.9749,35.7552],[-80.9763,35.7561],[-80.9767,35.7585],[-80.9785,35.7597],[-80.9843,35.7606],[-80.9879,35.7635],[-80.9893,35.7658],[-80.9885,35.7674],[-80.9896,35.769],[-80.9943,35.7705],[-80.9965,35.7693],[-80.9992,35.7706],[-81.0033,35.7718],[-81.0023,35.7764],[-81.0039,35.7775],[-81.0031,35.7801],[-81.0048,35.7832],[-81.003,35.786],[-81.0078,35.7888],[-81.0108,35.7914],[-81.013,35.7924],[-81.0139,35.7952],[-81.018,35.7978],[-81.0214,35.7986],[-81.0235,35.7979],[-81.0253,35.7991],[-81.027,35.8029],[-81.0326,35.8043],[-81.0358,35.8063],[-81.0404,35.812],[-81.0417,35.8148],[-81.0438,35.8152],[-81.0472,35.8175],[-81.0478,35.8193],[-81.0504,35.821],[-81.0524,35.8214],[-81.0549,35.8248],[-81.0596,35.8277],[-81.059,35.8305],[-81.0593,35.8326],[-81.0618,35.8367],[-81.0621,35.8391],[-81.0613,35.841],[-81.0614,35.8436],[-81.0632,35.8461],[-81.0636,35.8492],[-81.0648,35.853],[-81.066,35.8539],[-81.0663,35.8573],[-81.0677,35.8602],[-81.0692,35.861],[-81.0724,35.8605],[-81.0742,35.8629],[-81.0748,35.8669],[-81.0767,35.8679],[-81.0806,35.8737],[-81.0831,35.8749],[-81.0858,35.8771],[-81.0902,35.8784],[-81.0917,35.8813],[-81.0945,35.884],[-81.1002,35.8835],[-81.1045,35.8819],[-81.108,35.8818],[-81.1092,35.8806],[-81.113,35.8788],[-81.1151,35.8794],[-81.1182,35.8822],[-81.1198,35.8856],[-81.1197,35.8903],[-81.1214,35.8936],[-81.1226,35.8991],[-81.1215,35.9022],[-81.12,35.9029],[-81.1194,35.9061],[-81.1227,35.912],[-81.1297,35.9152],[-81.1399,35.9158],[-81.1469,35.917],[-81.1503,35.9162],[-81.1586,35.9201],[-81.1628,35.921],[-81.164,35.9222],[-81.1641,35.9252],[-81.1631,35.9293],[-81.1606,35.9305],[-81.1593,35.9322],[-81.1588,35.9364],[-81.1579,35.938],[-81.1582,35.942],[-81.1552,35.9452],[-81.152,35.9474],[-81.1502,35.9475],[-81.1489,35.9497],[-81.1495,35.9556],[-81.1486,35.9579],[-81.1516,35.9586],[-81.1519,35.9619],[-81.1483,35.9648],[-81.1478,35.9671],[-81.1491,35.9685],[-81.1496,35.9724],[-81.1483,35.976],[-81.1517,35.9772],[-81.154,35.9797],[-81.1542,35.9818],[-81.1562,35.9829],[-81.1565,35.9843],[-81.1543,35.9875],[-81.1523,35.9891],[-81.1569,35.9924],[-81.1599,35.993],[-81.1603,35.9956],[-81.1598,35.9987],[-81.162,36.0013],[-81.1644,36.0021],[-81.165,36.0046],[-81.1627,36.0065],[-81.1625,36.0084],[-81.1637,36.0101],[-81.167,36.0115],[-81.1659,36.0142],[-81.1667,36.0163],[-81.1657,36.0197],[-81.1659,36.0229],[-81.1671,36.0255],[-81.1723,36.0262],[-81.174,36.0275],[-81.1736,36.0288],[-81.1762,36.0315],[-81.1825,36.033],[-81.1853,36.0349],[-81.1875,36.0345],[-81.1911,36.0367],[-81.1936,36.0364],[-81.1955,36.0351],[-81.2003,36.0353],[-81.2036,36.0364],[-81.2057,36.0329],[-81.2078,36.0322],[-81.2115,36.0338],[-81.2161,36.0311],[-81.2196,36.0298],[-81.223,36.0307],[-81.2268,36.0307],[-81.2303,36.0314],[-81.232,36.0303],[-81.2377,36.0302],[-81.2406,36.0284],[-81.2411,36.0259],[-81.2454,36.0251],[-81.25,36.0269],[-81.2527,36.0255],[-81.2568,36.0264],[-81.2616,36.0255],[-81.2641,36.026],[-81.2687,36.0249],[-81.2718,36.0218],[-81.276,36.0205],[-81.2786,36.0189],[-81.281,36.0185],[-81.2833,36.0159],[-81.2851,36.0155],[-81.284,36.0133],[-81.2886,36.0117],[-81.2902,36.0096],[-81.2932,36.0093],[-81.2954,36.0071],[-81.3004,36.0062],[-81.3007,36.0045],[-81.3051,36.0048],[-81.3071,36.0054],[-81.3142,36.0044],[-81.314,36.0014],[-81.3173,35.9984],[-81.3177,35.9968],[-81.3228,35.9967],[-81.325,35.995],[-81.3269,35.9949],[-81.3284,35.9965],[-81.3304,35.9968],[-81.3338,35.9948],[-81.3396,35.9941],[-81.3477,35.9891],[-81.3528,35.9875],[-81.3549,35.9854],[-81.3549,35.9832],[-81.3572,35.9818],[-81.359,35.9797],[-81.3661,35.9778],[-81.3672,35.9734],[-81.3696,35.9742],[-81.3703,35.9716],[-81.3732,35.9704],[-81.375,35.9727],[-81.3776,35.9716],[-81.377,35.9697],[-81.3805,35.9685],[-81.3822,35.9668],[-81.3841,35.9674],[-81.3852,35.966],[-81.3896,35.9638],[-81.3927,35.9615],[-81.3929,35.9638],[-81.3969,35.965],[-81.4013,35.9644],[-81.4025,35.9653],[-81.4075,35.965],[-81.4115,35.9671],[-81.4124,35.9662],[-81.4164,35.9671],[-81.4191,35.9695],[-81.418,35.9714],[-81.4215,35.9758],[-81.4203,35.9776],[-81.422,35.9797],[-81.4227,35.9859],[-81.4255,35.9861],[-81.43,35.9836],[-81.4305,35.9826],[-81.4345,35.9809],[-81.4365,35.9772],[-81.4403,35.9771],[-81.443,35.9756],[-81.4496,35.974],[-81.454,35.9723],[-81.457,35.9706],[-81.4592,35.9707],[-81.4606,35.9724],[-81.4677,35.9728],[-81.4699,35.9747],[-81.4728,35.9748],[-81.4704,35.9782],[-81.4663,35.9788],[-81.4618,35.982],[-81.4606,35.9859],[-81.4593,35.9874],[-81.461,35.9914],[-81.466,35.9929],[-81.4676,35.9941],[-81.4724,35.9945],[-81.4764,35.9983],[-81.4823,35.9974],[-81.4837,35.996],[-81.4875,35.9953],[-81.4903,35.994],[-81.4928,35.9907],[-81.4958,35.9896],[-81.4977,35.9879],[-81.5017,35.9857],[-81.5059,35.9809],[-81.5119,35.9791],[-81.5138,35.9777],[-81.517,35.9773],[-81.5271,35.97],[-81.5284,35.9699],[-81.5334,35.9724],[-81.5348,35.9744],[-81.5398,35.9767],[-81.5435,35.9763],[-81.546,35.9753],[-81.5483,35.9757],[-81.5537,35.9747],[-81.557,35.9721],[-81.5612,35.971],[-81.5617,35.9686],[-81.5648,35.969],[-81.5672,35.9679],[-81.5693,35.964],[-81.5721,35.9634],[-81.5728,35.9609],[-81.5759,35.9608],[-81.5782,35.962],[-81.5808,35.962],[-81.5825,35.9639],[-81.5874,35.9656],[-81.5876,35.9687],[-81.5833,35.9721],[-81.5845,35.9774],[-81.5813,35.9794],[-81.5832,35.9831],[-81.5807,35.9849],[-81.5828,35.9869],[-81.5855,35.9913],[-81.5883,35.9942],[-81.5913,35.9958],[-81.5943,35.9965],[-81.597,35.9984],[-81.5947,36.0044],[-81.5967,36.0041],[-81.5976,36.007],[-81.5959,36.0102],[-81.5967,36.0113],[-81.5944,36.0126],[-81.5967,36.0164],[-81.5997,36.0186],[-81.6018,36.0188],[-81.602,36.0217],[-81.6056,36.0237],[-81.6087,36.0265],[-81.6114,36.0279],[-81.6116,36.0297],[-81.6092,36.032],[-81.6132,36.0355],[-81.6195,36.0369],[-81.6209,36.0422],[-81.6204,36.0437],[-81.6211,36.0464],[-81.6184,36.0489],[-81.6175,36.051],[-81.6189,36.0549],[-81.6188,36.0572],[-81.6201,36.0581],[-81.6201,36.064],[-81.6242,36.0658],[-81.6233,36.0674],[-81.6247,36.0694],[-81.6243,36.0727],[-81.6225,36.0738],[-81.623,36.0761],[-81.6293,36.0786],[-81.6284,36.0808],[-81.6282,36.0846],[-81.6333,36.0878],[-81.6354,36.0922],[-81.6349,36.0939],[-81.6367,36.096],[-81.64,36.0983],[-81.6397,36.1009],[-81.6411,36.1026],[-81.6446,36.1038],[-81.6466,36.1052],[-81.6508,36.1065],[-81.6557,36.1064],[-81.6604,36.1087],[-81.6621,36.1105],[-81.6615,36.113],[-81.6597,36.1159],[-81.6611,36.1174]]]},"properties":{"basin_name":"Santee","color":"#ad7832","label_lat":34.12,"label_lng":-81.42,"scope":"Catawba–Wateree–Santee system: upper Catawba and Broad headwaters through Camden, the Congaree, Nelson’s Ferry, and the lower Santee.","historical_note":"Modern WBD geometry reflects the Santee–Cooper diversion and later impoundments; use it as a modern reference near Lakes Marion and Moultrie and the Cooper corridor pending comparison with Mouzon’s 1775 map.","source_hucs":"03050101|03050102|03050103|03050104|03050105|03050106|03050107|03050108|03050109|03050110|03050111|03050112","source_names":"Upper Catawba|South Fork Catawba|Lower Catawba|Wateree|Upper Broad|Lower Broad|Tyger|Enoree|Saluda|Congaree|Lake Marion|Santee","component_count":12,"basin_id":"santee","area_sq_km":39891.7}},{"type":"Feature","geometry":{"type":"Polygon","coordinates":[[[-79.6904,33.0619],[-79.6878,33.0646],[-79.6865,33.0672],[-79.6828,33.0706],[-79.686,33.075],[-79.6924,33.0803],[-79.6905,33.0811],[-79.6896,33.0836],[-79.6856,33.0887],[-79.6859,33.0904],[-79.6909,33.092],[-79.692,33.094],[-79.6868,33.0997],[-79.6856,33.1029],[-79.6835,33.1053],[-79.6786,33.107],[-79.6811,33.1101],[-79.6817,33.1144],[-79.6805,33.1157],[-79.6775,33.1168],[-79.6651,33.1196],[-79.6661,33.1235],[-79.6644,33.1266],[-79.6606,33.1299],[-79.66,33.1319],[-79.6615,33.1382],[-79.6633,33.1389],[-79.6671,33.1391],[-79.6716,33.1399],[-79.6729,33.1411],[-79.6729,33.1441],[-79.6714,33.1462],[-79.6746,33.1479],[-79.6793,33.1512],[-79.6824,33.1504],[-79.6884,33.1515],[-79.6923,33.1511],[-79.6942,33.1502],[-79.7014,33.1511],[-79.7065,33.1492],[-79.7083,33.1493],[-79.7122,33.1481],[-79.7146,33.1488],[-79.7166,33.1537],[-79.7164,33.158],[-79.7148,33.1615],[-79.709,33.1683],[-79.7081,33.1689],[-79.6978,33.1646],[-79.6823,33.1603],[-79.6751,33.1602],[-79.6701,33.1614],[-79.6666,33.1647],[-79.6653,33.1681],[-79.665,33.1721],[-79.6657,33.1751],[-79.6689,33.18],[-79.6718,33.1873],[-79.672,33.1894],[-79.6674,33.1943],[-79.665,33.1955],[-79.6628,33.1952],[-79.6579,33.1929],[-79.6504,33.1914],[-79.646,33.1916],[-79.6453,33.193],[-79.6478,33.1963],[-79.6476,33.2043],[-79.646,33.2078],[-79.6462,33.2096],[-79.6485,33.2144],[-79.6542,33.2252],[-79.6576,33.2311],[-79.661,33.235],[-79.6632,33.2365],[-79.6732,33.2406],[-79.6801,33.244],[-79.6842,33.2476],[-79.7031,33.2279],[-79.7076,33.2302],[-79.7116,33.2273],[-79.7148,33.2276],[-79.7218,33.2374],[-79.737,33.2304],[-79.7425,33.2302],[-79.7436,33.2287],[-79.7431,33.2268],[-79.7408,33.2237],[-79.741,33.2203],[-79.7443,33.2215],[-79.7498,33.2201],[-79.7552,33.2213],[-79.7581,33.2228],[-79.7631,33.2221],[-79.7646,33.2249],[-79.7665,33.226],[-79.7643,33.2298],[-79.7721,33.2284],[-79.7776,33.2317],[-79.7771,33.2356],[-79.7789,33.2385],[-79.7786,33.2408],[-79.7767,33.2437],[-79.7761,33.2493],[-79.7739,33.2532],[-79.7787,33.2551],[-79.785,33.2598],[-79.7902,33.2647],[-79.7956,33.2669],[-79.8019,33.2709],[-79.8058,33.274],[-79.8094,33.2782],[-79.8083,33.2803],[-79.8118,33.2814],[-79.8129,33.2824],[-79.8158,33.2891],[-79.8309,33.2877],[-79.8332,33.2879],[-79.8359,33.2892],[-79.8372,33.2918],[-79.8374,33.2958],[-79.8383,33.2971],[-79.8387,33.3031],[-79.8398,33.3058],[-79.8395,33.3099],[-79.8414,33.312],[-79.8454,33.308],[-79.8501,33.3048],[-79.8526,33.3081],[-79.8574,33.3119],[-79.8595,33.3167],[-79.8593,33.3242],[-79.8583,33.3349],[-79.8558,33.3397],[-79.8558,33.3438],[-79.8572,33.3461],[-79.8609,33.35],[-79.8607,33.3511],[-79.8581,33.3531],[-79.8424,33.3617],[-79.8468,33.3629],[-79.8518,33.3633],[-79.854,33.3643],[-79.861,33.363],[-79.8625,33.3625],[-79.87,33.365],[-79.8708,33.3694],[-79.8732,33.3713],[-79.873,33.3723],[-79.8692,33.3761],[-79.8715,33.3792],[-79.8729,33.3793],[-79.8771,33.3825],[-79.879,33.383],[-79.8812,33.3859],[-79.886,33.3881],[-79.8886,33.3873],[-79.8901,33.3881],[-79.8903,33.3904],[-79.8926,33.3907],[-79.8961,33.3902],[-79.899,33.3923],[-79.9013,33.392],[-79.9022,33.3894],[-79.9034,33.3886],[-79.9078,33.3883],[-79.9104,33.3889],[-79.9128,33.3909],[-79.9182,33.3926],[-79.9189,33.3938],[-79.9235,33.3946],[-79.9258,33.3956],[-79.9275,33.3936],[-79.9301,33.3952],[-79.9344,33.3997],[-79.9366,33.3999],[-79.938,33.3983],[-79.9435,33.3994],[-79.9455,33.3992],[-79.9448,33.396],[-79.9456,33.3933],[-79.949,33.3934],[-79.9549,33.3956],[-79.9583,33.3974],[-79.9641,33.398],[-79.9687,33.3992],[-79.972,33.3988],[-79.9767,33.3992],[-79.9792,33.3988],[-79.9845,33.3998],[-79.9889,33.4012],[-79.9932,33.4049],[-79.9947,33.4055],[-80.0083,33.4023],[-80.0094,33.4026],[-80.0119,33.4065],[-80.0152,33.4068],[-80.0179,33.4049],[-80.0276,33.397],[-80.0354,33.3969],[-80.0449,33.403],[-80.0577,33.4037],[-80.0616,33.4045],[-80.0672,33.4074],[-80.0692,33.4092],[-80.0709,33.413],[-80.0719,33.4134],[-80.0817,33.4151],[-80.0877,33.4164],[-80.0947,33.4215],[-80.1081,33.4304],[-80.1106,33.4305],[-80.1154,33.4272],[-80.1171,33.4232],[-80.1174,33.4191],[-80.1159,33.4166],[-80.1208,33.4141],[-80.1218,33.4103],[-80.1253,33.4034],[-80.128,33.3991],[-80.1306,33.3968],[-80.1312,33.3931],[-80.1333,33.3891],[-80.1358,33.3862],[-80.142,33.3825],[-80.1428,33.3798],[-80.1463,33.377],[-80.1506,33.3766],[-80.1538,33.3755],[-80.156,33.3715],[-80.1548,33.3672],[-80.1553,33.3638],[-80.1568,33.3616],[-80.16,33.3587],[-80.1638,33.3563],[-80.1676,33.3551],[-80.1713,33.353],[-80.1741,33.3522],[-80.1792,33.3522],[-80.1795,33.3491],[-80.1824,33.3469],[-80.1845,33.344],[-80.1809,33.3406],[-80.1785,33.337],[-80.1777,33.3345],[-80.178,33.3321],[-80.1804,33.3291],[-80.1809,33.327],[-80.1804,33.3241],[-80.1777,33.3204],[-80.1795,33.3186],[-80.1824,33.3171],[-80.1832,33.3158],[-80.1862,33.3156],[-80.1865,33.314],[-80.1826,33.3098],[-80.1814,33.3057],[-80.1827,33.3037],[-80.1858,33.3021],[-80.186,33.2999],[-80.1837,33.2941],[-80.1815,33.2907],[-80.1772,33.2857],[-80.1767,33.284],[-80.1802,33.284],[-80.1849,33.2834],[-80.1893,33.2842],[-80.1949,33.2869],[-80.2009,33.2863],[-80.2063,33.285],[-80.2075,33.2835],[-80.2113,33.2826],[-80.2146,33.2825],[-80.2181,33.2863],[-80.221,33.2866],[-80.2287,33.2841],[-80.2301,33.282],[-80.2296,33.2799],[-80.2268,33.2778],[-80.2249,33.274],[-80.2289,33.272],[-80.2318,33.268],[-80.2347,33.2678],[-80.2361,33.2669],[-80.2377,33.2643],[-80.2417,33.26],[-80.2466,33.2578],[-80.2501,33.2544],[-80.2534,33.2554],[-80.255,33.2538],[-80.2555,33.25],[-80.2544,33.2482],[-80.255,33.2455],[-80.2573,33.2432],[-80.2582,33.2408],[-80.2577,33.2374],[-80.2557,33.2349],[-80.2522,33.234],[-80.2484,33.2317],[-80.2468,33.2295],[-80.2414,33.2269],[-80.2402,33.2254],[-80.2454,33.2174],[-80.2497,33.2144],[-80.2517,33.2142],[-80.2543,33.2122],[-80.2575,33.212],[-80.2589,33.2111],[-80.2595,33.2089],[-80.2586,33.2052],[-80.2591,33.2011],[-80.2624,33.1965],[-80.2647,33.1923],[-80.2658,33.1882],[-80.2655,33.1864],[-80.2609,33.1799],[-80.26,33.178],[-80.2621,33.175],[-80.2624,33.1724],[-80.2617,33.1695],[-80.2596,33.1684],[-80.2569,33.1682],[-80.254,33.1691],[-80.2501,33.169],[-80.2417,33.1664],[-80.2363,33.1643],[-80.2344,33.1624],[-80.2334,33.1595],[-80.2329,33.1554],[-80.2343,33.1511],[-80.2375,33.1459],[-80.2396,33.1433],[-80.24,33.1411],[-80.2388,33.1395],[-80.2329,33.1366],[-80.231,33.134],[-80.2316,33.1291],[-80.2352,33.127],[-80.2356,33.1248],[-80.2371,33.1236],[-80.2426,33.1224],[-80.2516,33.121],[-80.2556,33.119],[-80.2596,33.1192],[-80.2626,33.1177],[-80.2659,33.1173],[-80.2681,33.1156],[-80.2715,33.1149],[-80.2728,33.1139],[-80.2817,33.1109],[-80.2848,33.1103],[-80.2892,33.1078],[-80.2897,33.105],[-80.2866,33.1023],[-80.2909,33.1022],[-80.2976,33.1007],[-80.3048,33.0987],[-80.3077,33.0983],[-80.3133,33.0962],[-80.3181,33.0954],[-80.3336,33.089],[-80.3375,33.087],[-80.3436,33.0854],[-80.3458,33.0836],[-80.349,33.0832],[-80.3504,33.0815],[-80.3548,33.0806],[-80.3563,33.0786],[-80.3586,33.0787],[-80.3601,33.0773],[-80.3617,33.0745],[-80.3654,33.0748],[-80.3691,33.071],[-80.374,33.0677],[-80.3839,33.0631],[-80.3893,33.0615],[-80.392,33.0591],[-80.389,33.0576],[-80.3791,33.0495],[-80.375,33.044],[-80.3731,33.0438],[-80.3715,33.0414],[-80.3718,33.0365],[-80.3731,33.0323],[-80.3724,33.0294],[-80.3726,33.0274],[-80.3774,33.0255],[-80.3792,33.0234],[-80.3793,33.0214],[-80.377,33.0089],[-80.3786,33.0033],[-80.3734,33.0028],[-80.3703,33.001],[-80.3645,33.0013],[-80.3604,33.0018],[-80.3522,33.0018],[-80.3426,33.0021],[-80.3397,33.0018],[-80.3365,33.0002],[-80.3354,32.9984],[-80.3321,32.9968],[-80.3252,32.9906],[-80.3217,32.9846],[-80.3129,32.9824],[-80.3107,32.9809],[-80.3075,32.9775],[-80.3067,32.9747],[-80.3082,32.9721],[-80.3078,32.969],[-80.3082,32.9656],[-80.307,32.9628],[-80.2979,32.9614],[-80.2943,32.9591],[-80.297,32.9566],[-80.2967,32.9551],[-80.2943,32.9539],[-80.2914,32.9511],[-80.2881,32.9513],[-80.2869,32.9492],[-80.2883,32.9469],[-80.2821,32.9431],[-80.2767,32.9456],[-80.2726,32.9462],[-80.2687,32.9456],[-80.2608,32.9451],[-80.2552,32.944],[-80.2513,32.9425],[-80.2491,32.9409],[-80.245,32.9391],[-80.241,32.9381],[-80.2324,32.9378],[-80.2234,32.9365],[-80.2201,32.9353],[-80.2173,32.9325],[-80.2182,32.9291],[-80.2215,32.9266],[-80.2218,32.9252],[-80.2194,32.9191],[-80.2156,32.9175],[-80.2075,32.915],[-80.2035,32.9132],[-80.2006,32.9136],[-80.1981,32.9123],[-80.195,32.9128],[-80.1864,32.9201],[-80.1851,32.9188],[-80.1819,32.9189],[-80.1752,32.9161],[-80.173,32.914],[-80.1705,32.9081],[-80.1697,32.9049],[-80.1718,32.9017],[-80.1727,32.8977],[-80.1707,32.8946],[-80.1666,32.8952],[-80.1639,32.8965],[-80.16,32.8977],[-80.1568,32.8977],[-80.1536,32.897],[-80.1505,32.8953],[-80.1505,32.8926],[-80.1525,32.8882],[-80.1549,32.8863],[-80.1583,32.8815],[-80.1551,32.8783],[-80.1532,32.8773],[-80.1493,32.8784],[-80.1457,32.874],[-80.143,32.8721],[-80.1427,32.8696],[-80.1408,32.8665],[-80.1377,32.8653],[-80.1348,32.8655],[-80.1295,32.8669],[-80.1274,32.8644],[-80.1276,32.8617],[-80.1297,32.86],[-80.129,32.8579],[-80.1244,32.8578],[-80.1199,32.8553],[-80.1171,32.8545],[-80.111,32.8541],[-80.1072,32.8554],[-80.1045,32.8536],[-80.1002,32.8526],[-80.0978,32.8509],[-80.0943,32.8501],[-80.0924,32.8482],[-80.0923,32.8458],[-80.0954,32.8418],[-80.0911,32.8365],[-80.0908,32.8347],[-80.0925,32.8305],[-80.095,32.8285],[-80.0982,32.8247],[-80.0967,32.8203],[-80.0934,32.8166],[-80.0902,32.8162],[-80.0885,32.8152],[-80.0849,32.8153],[-80.0803,32.8141],[-80.0731,32.8187],[-80.0691,32.8191],[-80.0603,32.8226],[-80.056,32.8251],[-80.05,32.8256],[-80.0507,32.8209],[-80.0472,32.8159],[-80.0433,32.8131],[-80.0356,32.8145],[-80.032,32.8141],[-80.0289,32.8126],[-80.0287,32.8102],[-80.0274,32.8083],[-80.0228,32.8071],[-80.0179,32.8031],[-80.0156,32.8004],[-80.0081,32.8004],[-80.0045,32.7982],[-79.9994,32.7974],[-79.9973,32.7941],[-79.995,32.7915],[-79.9895,32.7888],[-79.9884,32.7872],[-79.9862,32.7864],[-79.9789,32.782],[-79.9804,32.7783],[-79.9805,32.7751],[-79.9819,32.7733],[-79.9808,32.7684],[-79.9787,32.7669],[-79.9778,32.7651],[-79.9793,32.762],[-79.9835,32.762],[-79.9875,32.7583],[-79.9884,32.7544],[-79.9884,32.7482],[-79.9859,32.746],[-79.9862,32.7447],[-79.9899,32.7412],[-79.9875,32.7382],[-79.9856,32.7348],[-79.9828,32.7311],[-79.9826,32.7295],[-79.9789,32.7244],[-79.9709,32.7245],[-79.9667,32.7255],[-79.9626,32.7244],[-79.9571,32.7237],[-79.9539,32.7216],[-79.9547,32.7206],[-79.9604,32.7181],[-79.9667,32.7161],[-79.9681,32.7127],[-79.9662,32.7082],[-79.9654,32.7049],[-79.9686,32.7002],[-79.9686,32.6985],[-79.965,32.6946],[-79.9576,32.6966],[-79.9559,32.695],[-79.9514,32.6971],[-79.9471,32.7009],[-79.943,32.699],[-79.9367,32.699],[-79.9353,32.697],[-79.9333,32.6988],[-79.932,32.6979],[-79.9315,32.6956],[-79.9369,32.6935],[-79.9359,32.6916],[-79.9365,32.6891],[-79.9356,32.6873],[-79.933,32.6851],[-79.9213,32.6863],[-79.9126,32.686],[-79.9056,32.6817],[-79.9032,32.6821],[-79.8978,32.6801],[-79.8961,32.6783],[-79.8933,32.6792],[-79.8879,32.6732],[-79.8848,32.6687],[-79.8795,32.6605],[-79.8698,32.646],[-79.8643,32.6358],[-79.8628,32.6345],[-79.8602,32.6362],[-79.8526,32.6387],[-79.8479,32.6406],[-79.8416,32.644],[-79.8376,32.6467],[-79.8311,32.6524],[-79.8279,32.6558],[-79.824,32.6612],[-79.8222,32.6643],[-79.8198,32.6697],[-79.8122,32.6694],[-79.8029,32.6701],[-79.7969,32.6713],[-79.79,32.6734],[-79.7836,32.6761],[-79.7767,32.68],[-79.7713,32.6841],[-79.7658,32.6894],[-79.7635,32.6922],[-79.7599,32.6976],[-79.7568,32.704],[-79.7548,32.7094],[-79.768,32.7131],[-79.7769,32.7153],[-79.7874,32.7182],[-79.7948,32.7209],[-79.7978,32.7241],[-79.7994,32.7276],[-79.8028,32.7328],[-79.8086,32.7372],[-79.8157,32.7444],[-79.8222,32.7489],[-79.8278,32.7523],[-79.8348,32.7605],[-79.8389,32.7671],[-79.8526,32.7906],[-79.8549,32.7941],[-79.8525,32.7967],[-79.8513,32.7991],[-79.8501,32.8051],[-79.8448,32.8087],[-79.8418,32.8085],[-79.8384,32.8073],[-79.8345,32.8101],[-79.8367,32.815],[-79.8393,32.8177],[-79.8402,32.8232],[-79.8379,32.8259],[-79.8335,32.8301],[-79.828,32.8328],[-79.8221,32.8363],[-79.8178,32.8406],[-79.8154,32.8423],[-79.8114,32.847],[-79.8066,32.8498],[-79.8042,32.853],[-79.7967,32.8587],[-79.7906,32.8621],[-79.7829,32.8678],[-79.7811,32.8688],[-79.7761,32.8731],[-79.7723,32.8735],[-79.7699,32.8751],[-79.7689,32.8766],[-79.7666,32.878],[-79.7604,32.8807],[-79.758,32.8823],[-79.7503,32.884],[-79.7493,32.8839],[-79.7431,32.8883],[-79.7306,32.8991],[-79.7265,32.9041],[-79.7208,32.9094],[-79.7176,32.9103],[-79.7145,32.9105],[-79.7094,32.9145],[-79.7052,32.9185],[-79.7034,32.9194],[-79.702,32.9217],[-79.7026,32.923],[-79.7052,32.9245],[-79.705,32.9259],[-79.7024,32.9286],[-79.6987,32.9299],[-79.6967,32.932],[-79.6954,32.9351],[-79.6905,32.9385],[-79.6885,32.9417],[-79.6858,32.9447],[-79.6899,32.9473],[-79.6946,32.9519],[-79.695,32.9531],[-79.6884,32.9594],[-79.676,32.9703],[-79.6747,32.9718],[-79.6631,32.9796],[-79.6589,32.9821],[-79.648,32.9879],[-79.6462,32.9905],[-79.6441,32.9901],[-79.6387,32.9919],[-79.6353,32.9936],[-79.6323,32.9941],[-79.6306,32.9956],[-79.6296,32.9979],[-79.6255,33.0016],[-79.6229,33.002],[-79.6191,33.0048],[-79.6157,33.0109],[-79.6154,33.0126],[-79.6167,33.0151],[-79.6191,33.0172],[-79.6243,33.0188],[-79.6293,33.019],[-79.6355,33.0197],[-79.6435,33.0195],[-79.6494,33.0181],[-79.655,33.0189],[-79.6577,33.0198],[-79.6603,33.0192],[-79.667,33.0127],[-79.671,33.0111],[-79.6751,33.0115],[-79.6853,33.0091],[-79.6908,33.0073],[-79.6957,33.0051],[-79.699,33.0054],[-79.6984,33.0095],[-79.7004,33.0108],[-79.7051,33.011],[-79.708,33.0128],[-79.7077,33.0158],[-79.7036,33.0199],[-79.6996,33.023],[-79.6992,33.0256],[-79.7022,33.0265],[-79.7062,33.0267],[-79.7075,33.029],[-79.703,33.0339],[-79.7022,33.0369],[-79.7076,33.0441],[-79.7033,33.0458],[-79.7017,33.0472],[-79.7,33.0541],[-79.6929,33.0592],[-79.6904,33.0619]]]},"properties":{"basin_name":"Charleston Harbor / Lowcountry","color":"#8b4e72","label_lat":32.95,"label_lng":-80.08,"scope":"Charleston Harbor and its Ashley, Cooper, and Wando drainage network.","historical_note":"Modern WBD geometry reflects the Santee–Cooper diversion and later impoundments; use it as a modern reference near Lakes Marion and Moultrie and the Cooper corridor pending comparison with Mouzon’s 1775 map.","source_hucs":"03050201","source_names":"Cooper","component_count":1,"basin_id":"charleston-harbor-lowcountry","area_sq_km":3273.07}}]}
